"objid","zst_nr","zst_name","breitengr","laengengr","gemeinde","zst_klasse","kombiniert","art","anz_arme","anz_fahrst","zweck","typ","str_typ","eigentum","dat_inbetr","gueltig","link_ext","dbl_format"
"1",70,"Schwarzwaldbrücke A2",47.557261,7.614448,"Basel","Dauerzaehlstelle","Reale Zaehlstelle","Querschnitt",2,4,"MIV+Velo/Moto","Induktionsschlaufen","Hochleistungsstrasse (HLS)","Kanton Basel-Stadt","1974-01-01 01:00:00+01:00","ausser Betrieb",,"xlsx"
"15",336,"Im langen Loh 2",47.556607,7.564737,"Basel","Dauerzaehlstelle","Reale Zaehlstelle","Querschnitt",1,1,"MIV","Induktionsschlaufen LSA","Siedlungsorientierte Strasse (SOS)","Kanton Basel-Stadt","2015-04-01 02:00:00+02:00","in Betrieb",,"xlsx"
"16",350,"Dreirosenbrücke lokal (mit Ein-/Ausfahrten)",47.570818,7.583439,"Basel","Dauerzaehlstelle","Reale Zaehlstelle","Querschnitt",2,4,"MIV+Velo/Moto","Induktionsschlaufen","Hauptverkehrsstrasse (HVS)","Kanton Basel-Stadt","2012-09-01 02:00:00+02:00","in Betrieb",,"xlsx"
"17",352,"Johanniterbrücke",47.565454,7.587549,"Basel","Dauerzaehlstelle","Reale Zaehlstelle","Querschnitt",2,2,"MIV","Induktionsschlaufen","Hauptverkehrsstrasse (HVS)","Kanton Basel-Stadt","2004-07-01 02:00:00+02:00","in Betrieb",,"xlsx"
"21",403,"Heuwaage-Viadukt",47.552248,7.586686,"Basel","Dauerzaehlstelle","Reale Zaehlstelle","Querschnitt",2,4,"MIV+Velo/Moto","Induktionsschlaufen","Hauptverkehrsstrasse (HVS)","Kanton Basel-Stadt","2001-01-01 01:00:00+01:00","in Betrieb",,"xlsx"
"26",408,"Bäumlihofstrasse (Riehen)",47.570357,7.628495,"Riehen","Dauerzaehlstelle","Reale Zaehlstelle","Querschnitt",2,2,"MIV","Induktionsschlaufen","Hauptsammelstrasse (HSS)","Kanton Basel-Stadt","2000-01-01 01:00:00+01:00","in Betrieb",,"xlsx"
"66",901,"Peter-Merian Weg",0,0,"Basel","Dauerzaehlstelle","Reale Zaehlstelle","Querschnitt",2,2,"Velo/Moto","Induktionsschlaufen","Siedlungsorientierte Strasse (SOS)","Kanton Basel-Stadt","2011-09-21 02:00:00+02:00","in Betrieb",,"xlsx"
"68",903,"Äussere Baselstrasse 381 (Riehen)",47.572504,7.624332,"Riehen","Dauerzaehlstelle","Reale Zaehlstelle","Querschnitt",2,2,"Velo/Moto","Induktionsschlaufen","Siedlungsorientierte Strasse (SOS)","Kanton Basel-Stadt","2011-10-07 02:00:00+02:00","in Betrieb",,"xlsx"
"70",905,"Leimenstrasse 4",47.555276,7.583835,"Basel","Dauerzaehlstelle","Reale Zaehlstelle","Querschnitt",2,2,"Velo/Moto","Induktionsschlaufen","Siedlungsorientierte Strasse (SOS)","Kanton Basel-Stadt","2011-06-09 02:00:00+02:00","in Betrieb",,"xlsx"
"72",908,"Grenzacherstrasse (Kraftwerk)",47.562152,7.625923,"Basel","Dauerzaehlstelle","Reale Zaehlstelle","Querschnitt",2,2,"Velo/Moto","Induktionsschlaufen","Siedlungsorientierte Strasse (SOS)","Kanton Basel-Stadt","2011-09-30 02:00:00+02:00","in Betrieb",,"xlsx"
"75",911,"Birskopfsteg",47.557301,7.617711,"Basel","Dauerzaehlstelle","Reale Zaehlstelle","Querschnitt",1,1,"Velo/Moto+Fuss","Induktionsschlaufen","Andere","Kanton Basel-Stadt","2012-10-01 02:00:00+02:00","in Betrieb",,"xlsx"
"84",100257,"A2 Anschluss Wiese, Kleinhüningen",47.577295,7.598633,"Basel","Dauerzaehlstelle","Reale Zaehlstelle","Querschnitt",2,2,"MIV","Induktionsschlaufen","Hochleistungsstrasse (HLS)","BUND","2008-10-01 02:00:00+02:00","in Betrieb","https://www.astra.admin.ch/astra/de/home/dokumentation/verkehrsdaten/daten-publikationen/automatische-strassenverkehrszaehlung/monats-jahresergebnisse.html","xlsx"
"85",100273,"A2 Anschluss Wiese",47.57342,7.602166,"Basel","Dauerzaehlstelle","Reale Zaehlstelle","Querschnitt",2,7,"MIV","Induktionsschlaufen","Hochleistungsstrasse (HLS)","BUND","2008-09-04 02:00:00+02:00","in Betrieb","https://www.astra.admin.ch/astra/de/home/dokumentation/verkehrsdaten/daten-publikationen/automatische-strassenverkehrszaehlung/monats-jahresergebnisse.html","xlsx"
"105",201019,"Riehenstrasse 149",47.564853,7.605599,"Basel","Kurzzeitzaehlstelle","Reale Zaehlstelle","Querschnitt",2,2,"MIV","Plattenzaehlung","Hauptverkehrsstrasse (HVS)","Kanton Basel-Stadt","2010-03-08 01:00:00+01:00","ausser Betrieb",,"xlsx"
"109",201023,"Lettackerweg - Grenze CH-D (Riehen)",47.594821,7.657112,"Riehen","Kurzzeitzaehlstelle","Reale Zaehlstelle","Querschnitt",2,2,"Velo","Handzaehlung","Andere","Deutschland","2010-05-18 02:00:00+02:00","ausser Betrieb",,"pdf"
"130",201622,"Hegenheimermattweg 202 (Allschwil)",47.562969,7.556571,"Allschwil","Kurzzeitzaehlstelle","Reale Zaehlstelle","Querschnitt",2,2,"MIV","Radar","Hauptsammelstrasse (HSS)","Kanton Basel-Land","2016-05-28 02:00:00+02:00","ausser Betrieb",,"xlsx"
"180",201521,"Bluttrainweg 20 (Riehen)",47.570266,7.636547,"Riehen","Kurzzeitzaehlstelle","Reale Zaehlstelle","Querschnitt",2,2,"MIV","Radar","Siedlungsorientierte Strasse (SOS)","Kanton Basel-Stadt","2015-09-14 02:00:00+02:00","ausser Betrieb",,"xlsx"
"184",201525,"Burgstrasse 57 (Riehen)",47.579575,7.644828,"Riehen","Kurzzeitzaehlstelle","Reale Zaehlstelle","Querschnitt",2,2,"MIV","Radar","Siedlungsorientierte Strasse (SOS)","Kanton Basel-Stadt","2015-09-15 02:00:00+02:00","ausser Betrieb",,"xlsx"
"187",201528,"Bettingerstrasse 12 (Riehen)",47.581614,7.648638,"Riehen","Kurzzeitzaehlstelle","Reale Zaehlstelle","Querschnitt",2,2,"MIV","Radar","Hauptverkehrsstrasse (HVS)","Kanton Basel-Stadt","2015-09-15 02:00:00+02:00","ausser Betrieb",,"xlsx"
"217",201610,"Mörsbergerstrasse",47.567392,7.59353,"Basel","Kurzzeitzaehlstelle","Reale Zaehlstelle","Querschnitt",2,2,"MIV+Velo/Moto","Radar","Siedlungsorientierte Strasse (SOS)","Kanton Basel-Stadt","2016-04-14 02:00:00+02:00","ausser Betrieb",,"pdf"
"219",201612,"Neuensteinerstrasse 17",47.540281,7.600872,"Basel","Kurzzeitzaehlstelle","Reale Zaehlstelle","Querschnitt",2,2,"MIV+Velo/Moto","Radar","Siedlungsorientierte Strasse (SOS)","Kanton Basel-Stadt","2016-04-21 02:00:00+02:00","ausser Betrieb",,"pdf"
"221",201615,"Hegenheimerstrasse 254",47.565072,7.55981,"Basel","Kurzzeitzaehlstelle","Reale Zaehlstelle","Querschnitt",2,2,"MIV","Radar","Hauptsammelstrasse (HSS)","Kanton Basel-Stadt","2016-05-28 02:00:00+02:00","ausser Betrieb",,"xlsx"
"223",201618,"Henric Petri-Str. 9a",47.552327,7.592013,"Basel","Kurzzeitzaehlstelle","Reale Zaehlstelle","Querschnitt",1,1,"MIV","Radar","Siedlungsorientierte Strasse (SOS)","Kanton Basel-Stadt","2016-06-18 02:00:00+02:00","ausser Betrieb",,"xlsx"
"224",201619,"Peter Rot-Str. 123",47.563269,7.60391,"Basel","Kurzzeitzaehlstelle","Reale Zaehlstelle","Querschnitt",2,2,"MIV","Radar","Siedlungsorientierte Strasse (SOS)","Kanton Basel-Stadt","2016-03-13 01:00:00+01:00","ausser Betrieb",,"xlsx"
"228",300201,"Allschwil Baslerstrasse",47.557856,7.561082,"Allschwil","Dauerzaehlstelle","Reale Zaehlstelle","Querschnitt",2,2,"MIV","Induktionsschlaufen","Hauptverkehrsstrasse (HVS)","Kanton Basel-Land","2000-01-01 01:00:00+01:00","in Betrieb","https://www.baselland.ch/politik-und-behorden/direktionen/bau-und-umweltschutzdirektion/tiefbauamt/kennzahlen/verkehrserhebungen","xlsx"
"231",300620,"Binningen Hauptstrasse",47.54381,7.5754,"Binningen","Kurzzeitzaehlstelle","Reale Zaehlstelle","Querschnitt",2,2,"MIV","Induktionsschlaufen","Hauptverkehrsstrasse (HVS)","Kanton Basel-Land","2000-01-01 01:00:00+01:00","ausser Betrieb","https://www.baselland.ch/politik-und-behorden/direktionen/bau-und-umweltschutzdirektion/tiefbauamt/kennzahlen/verkehrserhebungen","xlsx"
"234",301003,"Münchenstein Emil Frey-Strasse",47.532092,7.611615,"M","Dauerzaehlstelle","Reale Zaehlstelle","Querschnitt",2,2,"MIV","Induktionsschlaufen","Andere","Kanton Basel-Land","2000-01-01 01:00:00+01:00","in Betrieb","https://www.baselland.ch/politik-und-behorden/direktionen/bau-und-umweltschutzdirektion/tiefbauamt/kennzahlen/verkehrserhebungen","xlsx"
"237",917,"Schwarzwaldbrücke",0,0,"Basel","Dauerzaehlstelle","Reale Zaehlstelle","Querschnitt",2,2,"Velo/Moto","Induktionsschlaufen","Hauptverkehrsstrasse (HVS)","Kanton Basel-Stadt","2016-10-01 02:00:00+02:00","in Betrieb",,"xlsx"
"243",201751,"Horburgstrasse/Müllheimerstrasse",0,0,"Basel","Kurzzeitzaehlstelle","Reale Zaehlstelle","Knotenstrom",4,2,"Velo/Moto","Handzaehlung","Siedlungsorientierte Strasse (SOS)","Kanton Basel-Stadt","2017-04-05 02:00:00+02:00","ausser Betrieb",,"pdf"
"245",201708,"Voltastrasse 30",0,0,"Basel","Kurzzeitzaehlstelle","Reale Zaehlstelle","Querschnitt",1,1,"MIV","Radar","Hauptverkehrsstrasse (HVS)","Kanton Basel-Stadt","2016-12-30 01:00:00+01:00","ausser Betrieb",,"xlsx"
"248",201711,"Giornicostrasse 46",0,0,"Basel","Kurzzeitzaehlstelle","Reale Zaehlstelle","Querschnitt",2,2,"MIV","Radar","Hauptsammelstrasse (HSS)","Kanton Basel-Stadt","2017-01-06 01:00:00+01:00","ausser Betrieb",,"xlsx"
"253",201716,"Leimgrubenweg 84",0,0,"Riehen","Kurzzeitzaehlstelle","Reale Zaehlstelle","Querschnitt",2,2,"MIV","Radar","Siedlungsorientierte Strasse (SOS)","Kanton Basel-Stadt","2017-04-07 02:00:00+02:00","ausser Betrieb",,"xlsx"
"255",201718,"Wanderstrasse 14",0,0,"Basel","Kurzzeitzaehlstelle","Reale Zaehlstelle","Querschnitt",2,2,"MIV","Radar","Hauptsammelstrasse (HSS)","Kanton Basel-Stadt","2017-02-11 01:00:00+01:00","ausser Betrieb",,"xlsx"
"313",201638,"Wanderstrasse von Paradieshofstrasse",0,0,"Basel","Kurzzeitzaehlstelle","Reale Zaehlstelle","Querschnitt",2,2,"Velo+Fuss","Handzaehlung","Siedlungsorientierte Strasse (SOS)","Kanton Basel-Stadt","2016-05-26 02:00:00+02:00","ausser Betrieb",,"pdf"
"314",201639,"Wanderstrasse von Steinbühlallee",0,0,"Basel","Kurzzeitzaehlstelle","Reale Zaehlstelle","Querschnitt",2,2,"Velo+Fuss","Handzaehlung","Siedlungsorientierte Strasse (SOS)","Kanton Basel-Stadt","2016-05-26 02:00:00+02:00","ausser Betrieb",,"pdf"
"4",214,"Maulbeerstrasse 97",47.568254,7.604966,"Basel","Dauerzaehlstelle","Reale Zaehlstelle","Querschnitt",1,1,"MIV","Induktionsschlaufen LSA","Siedlungsorientierte Strasse (SOS)","Kanton Basel-Stadt","2015-03-01 01:00:00+01:00","in Betrieb",,"xlsx"
"11",250,"A2 Schwarzwaldtunnel (generiert)",47.572917,7.602271,"Basel","Dauerzaehlstelle","Virtuelle Zaehlstelle","Querschnitt",2,10,"MIV","Induktionsschlaufen","Hochleistungsstrasse (HLS)","Kanton Basel-Stadt","2000-09-01 02:00:00+02:00","ausser Betrieb",,"xlsx"
"13",302,"A2 Gellert-Nord",47.548782,7.615168,"Basel","Dauerzaehlstelle","Reale Zaehlstelle","Querschnitt",2,4,"MIV","Induktionsschlaufen","Hochleistungsstrasse (HLS)","Kanton Basel-Stadt","2000-01-01 01:00:00+01:00","ausser Betrieb",,"xlsx"
"30",412,"Dornacherstrasse 49",47.544624,7.586056,"Basel","Dauerzaehlstelle","Reale Zaehlstelle","Querschnitt",1,2,"MIV","Induktionsschlaufen","Hauptsammelstrasse (HSS)","Kanton Basel-Stadt","2000-01-01 01:00:00+01:00","in Betrieb",,"xlsx"
"31",413,"Gundeldingerstrasse 107",47.54273,7.58504,"Basel","Dauerzaehlstelle","Reale Zaehlstelle","Querschnitt",1,2,"MIV","Induktionsschlaufen","Hauptsammelstrasse (HSS)","Kanton Basel-Stadt","2000-09-01 02:00:00+02:00","in Betrieb",,"xlsx"
"36",419,"Riehenring 120",47.566868,7.597667,"Basel","Dauerzaehlstelle","Reale Zaehlstelle","Querschnitt",2,2,"MIV","Induktionsschlaufen","Hauptsammelstrasse (HSS)","Kanton Basel-Stadt","2000-01-01 01:00:00+01:00","in Betrieb",,"xlsx"
"39",651,"Entenweidstrasse",47.56804,7.573829,"Basel","Dauerzaehlstelle","Reale Zaehlstelle","Querschnitt",2,4,"MIV","Induktionsschlaufen","Siedlungsorientierte Strasse (SOS)","Kanton Basel-Stadt","2015-01-01 01:00:00+01:00","in Betrieb",,"xlsx"
"41",659,"Schlachthofstrasse",47.576751,7.567144,"Basel","Dauerzaehlstelle","Reale Zaehlstelle","Querschnitt",2,2,"MIV+Velo/Moto","Induktionsschlaufen","Hauptverkehrsstrasse (HVS)","Kanton Basel-Stadt","2000-08-01 02:00:00+02:00","in Betrieb",,"xlsx"
"46",673,"Zoll CH-D, Lörracherstrasse",47.595276,7.65561,"Lorrach (D)","Dauerzaehlstelle","Reale Zaehlstelle","Querschnitt",2,4,"MIV","Induktionsschlaufen","Hauptverkehrsstrasse (HVS)","Deutschland","2000-01-01 01:00:00+01:00","in Betrieb",,"xlsx"
"47",674,"Zoll CH-D, Grenzacherstrasse",47.56228,7.634836,"Grenzach (D)","Dauerzaehlstelle","Reale Zaehlstelle","Querschnitt",2,6,"MIV","Induktionsschlaufen","Hauptverkehrsstrasse (HVS)","Deutschland","2000-01-01 01:00:00+01:00","in Betrieb",,"xlsx"
"50",774,"Schützenmattstrasse 26",47.555894,7.580898,"Basel","Dauerzaehlstelle","Reale Zaehlstelle","Querschnitt",2,2,"MIV","Induktionsschlaufen LSA","Hauptsammelstrasse (HSS)","Kanton Basel-Stadt","2011-09-01 02:00:00+02:00","in Betrieb",,"xlsx"
"51",802,"Klybeckstrasse 113/Kirche",47.569794,7.590226,"Basel","Dauerzaehlstelle","Reale Zaehlstelle","Querschnitt",2,2,"Fuss","Infrarot","Hauptsammelstrasse (HSS)","Kanton Basel-Stadt","2013-01-01 01:00:00+01:00","in Betrieb",,"xlsx"
"52",803,"Johanniterbrücke",47.565513,7.587496,"Basel","Dauerzaehlstelle","Reale Zaehlstelle","Querschnitt",2,2,"Fuss","Infrarot","Hauptverkehrsstrasse (HVS)","Kanton Basel-Stadt","2013-01-01 01:00:00+01:00","in Betrieb",,"xlsx"
"55",806,"Gerbergasse",47.555979,7.588571,"Basel","Dauerzaehlstelle","Reale Zaehlstelle","Querschnitt",2,2,"Fuss","Infrarot","Andere","Kanton Basel-Stadt","2013-01-01 01:00:00+01:00","in Betrieb",,"xlsx"
"56",807,"Güterstrasse 180/183",47.543567,7.592622,"Basel","Dauerzaehlstelle","Reale Zaehlstelle","Querschnitt",2,2,"Fuss","Infrarot","Siedlungsorientierte Strasse (SOS)","Kanton Basel-Stadt","2012-03-01 01:00:00+01:00","in Betrieb",,"xlsx"
"59",810,"Neubadstrasse 124/137",47.547338,7.566175,"Basel","Dauerzaehlstelle","Reale Zaehlstelle","Querschnitt",2,2,"Fuss","Infrarot","Hauptverkehrsstrasse (HVS)","Kanton Basel-Stadt","2013-01-01 01:00:00+01:00","in Betrieb",,"xlsx"
"60",811,"Mülhauserstrasse 121/122",47.566605,7.575976,"Basel","Dauerzaehlstelle","Reale Zaehlstelle","Querschnitt",2,2,"Fuss","Infrarot","Siedlungsorientierte Strasse (SOS)","Kanton Basel-Stadt","2013-01-01 01:00:00+01:00","in Betrieb",,"xlsx"
"63",814,"Elisabethenstrasse 51/46",47.550439,7.590824,"Basel","Dauerzaehlstelle","Reale Zaehlstelle","Querschnitt",2,4,"Fuss","Infrarot","Siedlungsorientierte Strasse (SOS)","Kanton Basel-Stadt","2013-01-01 01:00:00+01:00","in Betrieb",,"xlsx"
"64",815,"Mittlere Rheinbrücke",47.559703,7.588668,"Basel","Dauerzaehlstelle","Reale Zaehlstelle","Querschnitt",2,2,"Fuss","Infrarot","Siedlungsorientierte Strasse (SOS)","Kanton Basel-Stadt","2013-01-01 01:00:00+01:00","in Betrieb",,"xlsx"
"95",200806,"Mülhauserstrasse 35",47.569094,7.581155,"Basel","Kurzzeitzaehlstelle","Reale Zaehlstelle","Querschnitt",2,2,"MIV","Plattenzaehlung","Siedlungsorientierte Strasse (SOS)","Kanton Basel-Stadt","1998-06-23 02:00:00+02:00","ausser Betrieb",,"xlsx"
"98",200851,"Wiesenplatz",47.577,7.591462,"Basel","Kurzzeitzaehlstelle","Reale Zaehlstelle","Knotenstrom",4,0,"MIV","Handzaehlung","Hauptverkehrsstrasse (HVS)","Kanton Basel-Stadt","2008-09-11 02:00:00+02:00","ausser Betrieb",,"pdf"
"100",200903,"Gärtnerstrasse 115",47.580513,7.592792,"Basel","Kurzzeitzaehlstelle","Reale Zaehlstelle","Querschnitt",2,2,"MIV","Plattenzaehlung","Hauptverkehrsstrasse (HVS)","Kanton Basel-Stadt","2007-03-27 02:00:00+02:00","ausser Betrieb",,"xlsx"
"101",200951,"Elsässer-/Kohlen-/Schlachthofstrasse",47.576193,7.572765,"Basel","Kurzzeitzaehlstelle","Reale Zaehlstelle","Knotenstrom",4,0,"MIV","Handzaehlung","Hauptverkehrsstrasse (HVS)","Kanton Basel-Stadt","2006-06-13 02:00:00+02:00","ausser Betrieb",,"pdf"
"102",200952,"Grenzacherstr. Hörnli (Riehen)",47.562371,7.63444,"Riehen","Kurzzeitzaehlstelle","Reale Zaehlstelle","Knotenstrom",4,0,"MIV","Handzaehlung","Hauptverkehrsstrasse (HVS)","Kanton Basel-Stadt","2009-09-17 02:00:00+02:00","ausser Betrieb",,"pdf"
"103",200953,"Dorenbach Ost",47.543968,7.581299,"Basel","Kurzzeitzaehlstelle","Reale Zaehlstelle","Knotenstrom",6,0,"MIV+Velo/Moto","Handzaehlung","Hauptverkehrsstrasse (HVS)","Kanton Basel-Stadt","2009-09-24 02:00:00+02:00","ausser Betrieb",,"pdf"
"104",201001,"Klingelbergstrasse 27",47.561667,7.580652,"Basel","Kurzzeitzaehlstelle","Reale Zaehlstelle","Querschnitt",2,2,"MIV","Plattenzaehlung","Hauptverkehrsstrasse (HVS)","Andere","2010-09-15 02:00:00+02:00","ausser Betrieb",,"xlsx"
"112",201053,"Schwarzwaldallee/Erlenstrasse",47.569774,7.60452,"Basel","Kurzzeitzaehlstelle","Reale Zaehlstelle","Knotenstrom",4,0,"MIV","Handzaehlung","Hauptverkehrsstrasse (HVS)","Kanton Basel-Stadt","2010-03-09 01:00:00+01:00","ausser Betrieb",,"pdf"
"114",201055,"Riehenring/Erlenstrasse",47.568542,7.59755,"Basel","Kurzzeitzaehlstelle","Reale Zaehlstelle","Knotenstrom",4,0,"MIV","Handzaehlung","Hauptverkehrsstrasse (HVS)","Kanton Basel-Stadt","2010-03-09 01:00:00+01:00","ausser Betrieb",,"pdf"
"116",201101,"Hiltalingerstrasse Grenze",47.58892,7.593089,"Basel","Kurzzeitzaehlstelle","Reale Zaehlstelle","Querschnitt",2,2,"Velo+Fuss","Handzaehlung","Hauptverkehrsstrasse (HVS)","Andere","2011-03-22 01:00:00+01:00","ausser Betrieb",,"xlsx"
"117",201102,"Freiburgerstrasse Grenze",47.581162,7.60452,"Basel","Kurzzeitzaehlstelle","Reale Zaehlstelle","Querschnitt",2,2,"Velo+Fuss","Handzaehlung","Hauptverkehrsstrasse (HVS)","Andere","2011-03-22 01:00:00+01:00","ausser Betrieb",,"xlsx"
"119",201104,"Grenzacherstrasse Grenze (Riehen)",47.562292,7.634827,"Riehen","Kurzzeitzaehlstelle","Reale Zaehlstelle","Querschnitt",2,2,"Velo+Fuss","Handzaehlung","Hauptverkehrsstrasse (HVS)","Andere","2011-03-23 01:00:00+01:00","ausser Betrieb",,"xlsx"
"123",201108,"Hegenheimerstrasse Grenze",47.565114,7.557269,"Basel","Kurzzeitzaehlstelle","Reale Zaehlstelle","Querschnitt",2,2,"MIV+Velo+Fuss","Radar","Hauptsammelstrasse (HSS)","Andere","2011-04-06 02:00:00+02:00","ausser Betrieb",,"xlsx"
"124",201109,"Burgfelderstrasse Grenze",47.572516,7.557071,"Basel","Kurzzeitzaehlstelle","Reale Zaehlstelle","Querschnitt",2,2,"MIV+Velo+Fuss","Radar","Hauptverkehrsstrasse (HVS)","Andere","2011-04-05 02:00:00+02:00","ausser Betrieb",,"xlsx"
"127",201112,"Weilstrasse Grenze (Riehen)",47.592086,7.642615,"Riehen","Kurzzeitzaehlstelle","Reale Zaehlstelle","Querschnitt",2,2,"MIV+Velo+Fuss","Radar","Hauptverkehrsstrasse (HVS)","Andere","2011-03-24 01:00:00+01:00","ausser Betrieb",,"xlsx"
"128",201113,"Inzlingerstrasse Grenze (Riehen)",47.585535,7.672032,"Riehen","Kurzzeitzaehlstelle","Reale Zaehlstelle","Querschnitt",2,2,"MIV+Velo+Fuss","Radar","Hauptverkehrsstrasse (HVS)","Andere","2011-03-23 01:00:00+01:00","ausser Betrieb",,"xlsx"
"129",201114,"Pestalozzistrasse 20",47.564349,7.579671,"Basel","Kurzzeitzaehlstelle","Reale Zaehlstelle","Querschnitt",2,2,"MIV+Velo/Moto","Radar","Hauptsammelstrasse (HSS)","Kanton Basel-Stadt","2011-10-30 02:00:00+02:00","ausser Betrieb",,"xlsx"
"132",201117,"Schützenmattstrasse 28",47.556017,7.580975,"Basel","Kurzzeitzaehlstelle","Reale Zaehlstelle","Querschnitt",2,2,"MIV","Radar","Hauptsammelstrasse (HSS)","Kanton Basel-Stadt","2011-02-17 01:00:00+01:00","ausser Betrieb",,"xlsx"
"134",201151,"Blotzheimerstrasse - Nidwaldnerstrasse",47.561133,7.562773,"Basel","Kurzzeitzaehlstelle","Reale Zaehlstelle","Knotenstrom",4,0,"MIV","Handzaehlung","Siedlungsorientierte Strasse (SOS)","Kanton Basel-Stadt","2011-11-09 01:00:00+01:00","ausser Betrieb",,"pdf"
"139",201156,"Michelbacherstrasse - Oltingerstrasse",47.566309,7.561217,"Basel","Kurzzeitzaehlstelle","Reale Zaehlstelle","Knotenstrom",4,0,"MIV","Handzaehlung","Siedlungsorientierte Strasse (SOS)","Kanton Basel-Stadt","2011-11-03 01:00:00+01:00","ausser Betrieb",,"pdf"
"140",201157,"Theodor-Herzl-Strasse - Michelbacherstrasse",47.567135,7.55932,"Basel","Kurzzeitzaehlstelle","Reale Zaehlstelle","Knotenstrom",4,0,"MIV","Handzaehlung","Siedlungsorientierte Strasse (SOS)","Kanton Basel-Stadt","2011-11-02 01:00:00+01:00","ausser Betrieb",,"pdf"
"148",201306,"Falkensteinerstrasse 60",47.538237,7.600831,"Basel","Kurzzeitzaehlstelle","Reale Zaehlstelle","Querschnitt",1,1,"MIV+Velo/Moto","Radar","Siedlungsorientierte Strasse (SOS)","Kanton Basel-Stadt","2013-06-13 02:00:00+02:00","ausser Betrieb",,"pdf"
"161",201319,"Wasserstrasse 16",47.569711,7.580093,"Basel","Kurzzeitzaehlstelle","Reale Zaehlstelle","Querschnitt",2,2,"MIV+Velo/Moto","Radar","Siedlungsorientierte Strasse (SOS)","Kanton Basel-Stadt","2013-06-11 02:00:00+02:00","ausser Betrieb",,"pdf"
"166",201503,"Burgfelderstrasse (vor Zoll)",47.572011,7.5574,"Basel","Kurzzeitzaehlstelle","Reale Zaehlstelle","Querschnitt",2,2,"MIV","Radar","Hauptverkehrsstrasse (HVS)","Kanton Basel-Stadt","2015-11-02 01:00:00+01:00","ausser Betrieb",,"xlsx"
"172",201513,"Äussere Baselstrasse 63  (Riehen)",47.581528,7.643373,"Riehen","Kurzzeitzaehlstelle","Reale Zaehlstelle","Querschnitt",2,2,"MIV","Radar","Hauptverkehrsstrasse (HVS)","Kanton Basel-Stadt","2015-09-14 02:00:00+02:00","ausser Betrieb",,"xlsx"
"174",201515,"Inzlingerstrasse 176/178  (Riehen)",47.587043,7.659749,"Riehen","Kurzzeitzaehlstelle","Reale Zaehlstelle","Querschnitt",2,2,"MIV","Radar","Hauptverkehrsstrasse (HVS)","Kanton Basel-Stadt","2015-09-14 02:00:00+02:00","ausser Betrieb",,"xlsx"
"175",201516,"Kilchgrundstrasse 22  (Riehen)",47.57667,7.638958,"Riehen","Kurzzeitzaehlstelle","Reale Zaehlstelle","Querschnitt",2,2,"MIV","Radar","Siedlungsorientierte Strasse (SOS)","Kanton Basel-Stadt","2015-09-14 02:00:00+02:00","ausser Betrieb",,"xlsx"
"178",201519,"Eisenbahnweg 59  (Riehen)",47.58167,7.650706,"Riehen","Kurzzeitzaehlstelle","Reale Zaehlstelle","Querschnitt",2,2,"MIV","Radar","Siedlungsorientierte Strasse (SOS)","Kanton Basel-Stadt","2015-09-14 02:00:00+02:00","ausser Betrieb",,"xlsx"
"188",201529,"Bettingerstrasse 63 (Riehen)",47.580216,7.649473,"Riehen","Kurzzeitzaehlstelle","Reale Zaehlstelle","Querschnitt",2,2,"MIV","Radar","Hauptverkehrsstrasse (HVS)","Kanton Basel-Stadt","2015-09-17 02:00:00+02:00","ausser Betrieb",,"xlsx"
"190",201531,"Bergalingerstrasse 8",47.55987,7.610761,"Basel","Kurzzeitzaehlstelle","Reale Zaehlstelle","Querschnitt",1,1,"MIV+Velo/Moto","Radar","Siedlungsorientierte Strasse (SOS)","Kanton Basel-Stadt","2015-06-11 02:00:00+02:00","ausser Betrieb",,"pdf"
"192",201733,"Hagentalerstrasse 61",47.562649,7.569554,"Basel","Kurzzeitzaehlstelle","Reale Zaehlstelle","Querschnitt",2,2,"MIV+Velo/Moto","Radar","Siedlungsorientierte Strasse (SOS)","Kanton Basel-Stadt","2015-05-20 02:00:00+02:00","ausser Betrieb",,"pdf"
"196",201540,"Friedrich Miescher-Strasse 30",47.572777,7.560057,"Basel","Kurzzeitzaehlstelle","Reale Zaehlstelle","Querschnitt",2,2,"MIV","Radar","Siedlungsorientierte Strasse (SOS)","Kanton Basel-Stadt","2015-02-28 01:00:00+01:00","ausser Betrieb",,"xlsx"
"200",201546,"Hebelstrasse 128",47.564252,7.576483,"Basel","Kurzzeitzaehlstelle","Reale Zaehlstelle","Querschnitt",2,2,"MIV","Radar","Siedlungsorientierte Strasse (SOS)","Kanton Basel-Stadt","2015-03-14 01:00:00+01:00","ausser Betrieb",,"xlsx"
"201",201547,"Unterer Batterieweg 27",47.540582,7.586615,"Basel","Kurzzeitzaehlstelle","Reale Zaehlstelle","Querschnitt",2,2,"MIV","Radar","Siedlungsorientierte Strasse (SOS)","Kanton Basel-Stadt","2015-01-24 01:00:00+01:00","ausser Betrieb",,"xlsx"
"205",201551,"Jacob Burckhardt-/ St. Jakobs-Strasse",47.54658,7.600783,"Basel","Kurzzeitzaehlstelle","Reale Zaehlstelle","Knotenstrom",4,0,"MIV","Handzaehlung","Hauptverkehrsstrasse (HVS)","Kanton Basel-Stadt","2015-09-02 02:00:00+02:00","ausser Betrieb",,"pdf"
"208",201601,"Michelbacherstrasse 36/38",47.566889,7.560514,"Basel","Kurzzeitzaehlstelle","Reale Zaehlstelle","Querschnitt",1,1,"MIV+Velo/Moto","Radar","Siedlungsorientierte Strasse (SOS)","Kanton Basel-Stadt","2016-02-04 01:00:00+01:00","ausser Betrieb",,"pdf"
"215",201608,"Kembserweg 16",47.56108,7.571654,"Basel","Kurzzeitzaehlstelle","Reale Zaehlstelle","Querschnitt",2,2,"MIV+Velo/Moto","Radar","Siedlungsorientierte Strasse (SOS)","Kanton Basel-Stadt","2016-02-23 01:00:00+01:00","ausser Betrieb",,"pdf"
"260",817,"Elisabethenanlage",0,0,"Basel","Dauerzaehlstelle","Reale Zaehlstelle","Querschnitt",1,1,"Fuss","Infrarot","Siedlungsorientierte Strasse (SOS)","Kanton Basel-Stadt","2016-03-01 01:00:00+01:00","in Betrieb",,"xlsx"
"270",952,"Johanniterbrücke",0,0,"Basel","Dauerzaehlstelle","Reale Zaehlstelle","Querschnitt",2,2,"Velo/Moto","Induktionsschlaufen","Hauptverkehrsstrasse (HVS)","Kanton Basel-Stadt","2018-08-01 02:00:00+02:00","In Betrieb",,"xls"
"272",201322,"Biascastrasse 15",0,0,"Basel","Kurzzeitzaehlstelle","Reale Zaehlstelle","Querschnitt",2,2,"MIV+Velo/Moto","Radar","Siedlungsorientierte Strasse (SOS)","Kanton Basel-Stadt","2013-11-28 01:00:00+01:00","ausser Betrieb",,"pdf"
"273",201625,"Davidsbodenstrasse 20",0,0,"Basel","Kurzzeitzaehlstelle","Reale Zaehlstelle","Querschnitt",2,2,"MIV+Velo/Moto","Radar","Siedlungsorientierte Strasse (SOS)","Kanton Basel-Stadt","2016-11-10 01:00:00+01:00","ausser Betrieb",,"pdf"
"275",201323,"Bedrettostrasse 6",0,0,"Basel","Kurzzeitzaehlstelle","Reale Zaehlstelle","Querschnitt",2,2,"MIV+Velo/Moto","Radar","Siedlungsorientierte Strasse (SOS)","Kanton Basel-Stadt","2013-11-21 01:00:00+01:00","ausser Betrieb",,"pdf"
"276",200904,"Bristenweg 20",0,0,"Basel","Kurzzeitzaehlstelle","Reale Zaehlstelle","Querschnitt",2,2,"MIV+Velo/Moto","Radar","Siedlungsorientierte Strasse (SOS)","Kanton Basel-Stadt","2009-11-26 01:00:00+01:00","ausser Betrieb",,"pdf"
"278",201814,"Fröschgasse",0,0,"Basel","Kurzzeitzaehlstelle","Reale Zaehlstelle","Querschnitt",2,2,"MIV+Velo/Moto","Radar","Siedlungsorientierte Strasse (SOS)","Kanton Basel-Stadt","2018-06-12 02:00:00+02:00","ausser Betrieb",,"pdf"
"279",201624,"Fürstensteinerstrasse 16",0,0,"Basel","Kurzzeitzaehlstelle","Reale Zaehlstelle","Querschnitt",2,2,"MIV+Velo/Moto","Radar","Siedlungsorientierte Strasse (SOS)","Kanton Basel-Stadt","2016-12-06 01:00:00+01:00","ausser Betrieb",,"pdf"
"285",201728,"Oetlingerstrasse 149",0,0,"Basel","Kurzzeitzaehlstelle","Reale Zaehlstelle","Querschnitt",2,2,"MIV+Velo/Moto","Radar","Siedlungsorientierte Strasse (SOS)","Kanton Basel-Stadt","2017-05-13 02:00:00+02:00","ausser Betrieb",,"pdf"
"295",201201,"Aeneas Silvius-Strasse 25",0,0,"Basel","Kurzzeitzaehlstelle","Reale Zaehlstelle","Querschnitt",2,2,"MIV+Velo/Moto","Radar","Siedlungsorientierte Strasse (SOS)","Kanton Basel-Stadt","2012-06-21 02:00:00+02:00","ausser Betrieb",,"pdf"
"296",201815,"Speiserstrasse 91",0,0,"Basel","Kurzzeitzaehlstelle","Reale Zaehlstelle","Querschnitt",2,2,"MIV+Velo/Moto","Radar","Siedlungsorientierte Strasse (SOS)","Kanton Basel-Stadt","2018-11-29 01:00:00+01:00","ausser Betrieb",,"pdf"
"299",201902,"Rigistrasse 76",0,0,"Basel","Kurzzeitzaehlstelle","Reale Zaehlstelle","Querschnitt",2,2,"MIV+Velo/Moto","Radar","Siedlungsorientierte Strasse (SOS)","Kanton Basel-Stadt","2019-10-22 02:00:00+02:00","ausser Betrieb",,"pdf"
"301",201817,"Rigistrasse 17",0,0,"Basel","Kurzzeitzaehlstelle","Reale Zaehlstelle","Querschnitt",2,2,"MIV+Velo/Moto","Radar","Siedlungsorientierte Strasse (SOS)","Kanton Basel-Stadt","2018-06-07 02:00:00+02:00","ausser Betrieb",,"pdf"
"304",201634,"Luftmattstrasse 11",0,0,"Basel","Kurzzeitzaehlstelle","Reale Zaehlstelle","Querschnitt",2,2,"MIV+Velo/Moto","Radar","Siedlungsorientierte Strasse (SOS)","Kanton Basel-Stadt","2016-12-08 01:00:00+01:00","ausser Betrieb",,"pdf"
"308",201635,"Glaserbergstrasse 62",0,0,"Basel","Kurzzeitzaehlstelle","Reale Zaehlstelle","Querschnitt",2,2,"MIV+Velo/Moto","Radar","Siedlungsorientierte Strasse (SOS)","Kanton Basel-Stadt","2016-11-03 01:00:00+01:00","ausser Betrieb",,"pdf"
"5",232,"A3-A35, Grenze CH-F A3",47.575074,7.563561,"Basel","Dauerzaehlstelle","Reale Zaehlstelle","Querschnitt",2,6,"MIV","Induktionsschlaufen","Hochleistungsstrasse (HLS)","Kanton Basel-Stadt","2005-01-01 01:00:00+01:00","in Betrieb",,"xlsx"
"7",234,"A3-A35, Grenze CH-F, lokal LFZ",47.576091,7.562126,"Basel","Dauerzaehlstelle","Reale Zaehlstelle","Querschnitt",2,6,"MIV","Induktionsschlaufen","Hauptverkehrsstrasse (HVS)","Kanton Basel-Stadt","2006-01-01 01:00:00+01:00","in Betrieb",,"xlsx"
"8",235,"A3-A35, Grenze CH-F",47.575853,7.561838,"Basel","Dauerzaehlstelle","Virtuelle Zaehlstelle","Querschnitt",2,2,"MIV","Induktionsschlaufen","Hochleistungsstrasse (HLS)","Kanton Basel-Stadt","2006-01-01 01:00:00+01:00","in Betrieb",,"xlsx"
"9",240,"A3 Horburgtunnel",47.571333,7.598098,"Basel","Dauerzaehlstelle","Reale Zaehlstelle","Querschnitt",2,6,"MIV","Induktionsschlaufen","Hochleistungsstrasse (HLS)","Kanton Basel-Stadt","2000-08-01 02:00:00+02:00","ausser Betrieb",,"xlsx"
"10",245,"A2 Schwarzwaldtunnel",47.572923,7.602514,"Basel","Dauerzaehlstelle","Reale Zaehlstelle","Querschnitt",2,6,"MIV","Induktionsschlaufen","Hochleistungsstrasse (HLS)","Kanton Basel-Stadt","2006-01-01 01:00:00+01:00","ausser Betrieb",,"xlsx"
"12",301,"A2 Gellert Süd",47.54503,7.615563,"Basel","Dauerzaehlstelle","Reale Zaehlstelle","Querschnitt",2,4,"MIV","Induktionsschlaufen","Hochleistungsstrasse (HLS)","Kanton Basel-Stadt","2000-01-01 01:00:00+01:00","ausser Betrieb",,"xlsx"
"14",303,"A2 Gellert Eckverbindung",47.547537,7.614475,"Basel","Dauerzaehlstelle","Reale Zaehlstelle","Querschnitt",2,3,"MIV","Induktionsschlaufen","Hochleistungsstrasse (HLS)","Kanton Basel-Stadt","2000-01-01 01:00:00+01:00","ausser Betrieb",,"xlsx"
"20",402,"Hochbergerstrasse 55",47.576958,7.596768,"Basel","Dauerzaehlstelle","Reale Zaehlstelle","Querschnitt",2,2,"MIV","Induktionsschlaufen","Hauptverkehrsstrasse (HVS)","Kanton Basel-Stadt","2000-09-01 02:00:00+02:00","in Betrieb",,"xlsx"
"22",404,"Viaduktstrasse 60 (Rialto)",47.549777,7.583341,"Basel","Dauerzaehlstelle","Reale Zaehlstelle","Querschnitt",2,2,"MIV","Induktionsschlaufen","Hauptverkehrsstrasse (HVS)","Kanton Basel-Stadt","2000-01-01 01:00:00+01:00","in Betrieb",,"xlsx"
"23",405,"Dorenbachviadukt",47.544199,7.576092,"Basel","Dauerzaehlstelle","Reale Zaehlstelle","Querschnitt",2,2,"MIV+Velo/Moto","Induktionsschlaufen","Hauptverkehrsstrasse (HVS)","Kanton Basel-Stadt","2000-01-01 01:00:00+01:00","in Betrieb",,"xlsx"
"24",406,"Wasgenring 62",47.562177,7.564059,"Basel","Dauerzaehlstelle","Reale Zaehlstelle","Querschnitt",2,4,"MIV","Induktionsschlaufen","Hauptverkehrsstrasse (HVS)","Kanton Basel-Stadt","2000-01-01 01:00:00+01:00","in Betrieb",,"xlsx"
"25",407,"Äussere Baselstrasse 381 (Riehen)",47.572231,7.623729,"Riehen","Dauerzaehlstelle","Reale Zaehlstelle","Querschnitt",2,2,"MIV","Induktionsschlaufen","Hauptverkehrsstrasse (HVS)","Kanton Basel-Stadt","2000-01-01 01:00:00+01:00","in Betrieb",,"xlsx"
"27",409,"Grenzacherstrasse 511",47.562753,7.630744,"Basel","Dauerzaehlstelle","Reale Zaehlstelle","Querschnitt",2,2,"MIV","Induktionsschlaufen","Hauptverkehrsstrasse (HVS)","Kanton Basel-Stadt","2000-01-01 01:00:00+01:00","in Betrieb",,"xlsx"
"28",410,"St. Alban-Anlage 72",47.552721,7.604987,"Basel","Dauerzaehlstelle","Reale Zaehlstelle","Querschnitt",2,2,"MIV","Induktionsschlaufen","Hauptverkehrsstrasse (HVS)","Kanton Basel-Stadt","2000-09-01 02:00:00+02:00","in Betrieb",,"xlsx"
"29",411,"Fasanenstrasse (DB-Brücke)",47.573754,7.602694,"Basel","Dauerzaehlstelle","Reale Zaehlstelle","Querschnitt",2,4,"MIV","Induktionsschlaufen","Hauptsammelstrasse (HSS)","Kanton Basel-Stadt","2000-09-01 02:00:00+02:00","in Betrieb",,"xlsx"
"32",414,"Gundeldingerstrasse 428",47.538105,7.599844,"Basel","Dauerzaehlstelle","Reale Zaehlstelle","Querschnitt",1,1,"MIV","Induktionsschlaufen","Hauptsammelstrasse (HSS)","Kanton Basel-Stadt","2000-09-01 02:00:00+02:00","in Betrieb",,"xlsx"
"33",415,"Grosspeterstrasse 45",47.545213,7.601868,"Basel","Dauerzaehlstelle","Reale Zaehlstelle","Querschnitt",2,3,"MIV","Induktionsschlaufen","Hauptverkehrsstrasse (HVS)","Kanton Basel-Stadt","2000-09-01 02:00:00+02:00","in Betrieb",,"xlsx"
"34",416,"J. Burckhardt-Strasse 85",47.545446,7.599614,"Basel","Dauerzaehlstelle","Reale Zaehlstelle","Querschnitt",2,2,"MIV","Induktionsschlaufen","Hauptverkehrsstrasse (HVS)","Kanton Basel-Stadt","2000-09-01 02:00:00+02:00","in Betrieb",,"xlsx"
"35",417,"Sevogelstrasse 91",47.549079,7.60148,"Basel","Dauerzaehlstelle","Reale Zaehlstelle","Querschnitt",1,1,"MIV","Induktionsschlaufen","Hauptsammelstrasse (HSS)","Kanton Basel-Stadt","2000-09-01 02:00:00+02:00","in Betrieb",,"xlsx"
"38",653,"Flughafenstrasse 30",47.56765,7.570948,"Basel","Dauerzaehlstelle","Reale Zaehlstelle","Querschnitt",2,2,"MIV","Induktionsschlaufen","Hauptverkehrsstrasse (HVS)","Kanton Basel-Stadt","2006-04-01 02:00:00+02:00","in Betrieb",,"xlsx"
"40",656,"Elsässerstrasse 146",47.573141,7.575777,"Basel","Dauerzaehlstelle","Reale Zaehlstelle","Querschnitt",2,2,"MIV","Induktionsschlaufen","Hauptsammelstrasse (HSS)","Kanton Basel-Stadt","2000-08-01 02:00:00+02:00","in Betrieb",,"xlsx"
"43",670,"Zoll CH-D, Hiltalingerstrasse",47.588926,7.593116,"Basel","Dauerzaehlstelle","Reale Zaehlstelle","Querschnitt",2,2,"MIV","Induktionsschlaufen","Hauptverkehrsstrasse (HVS)","Deutschland","2000-01-01 01:00:00+01:00","in Betrieb",,"xlsx"
"44",671,"Zoll CH-D, Freiburgerstrasse",47.581186,7.604502,"Basel","Dauerzaehlstelle","Reale Zaehlstelle","Querschnitt",2,2,"MIV","Induktionsschlaufen","Hauptverkehrsstrasse (HVS)","Kanton Basel-Stadt","2000-01-01 01:00:00+01:00","in Betrieb",,"xlsx"
"45",672,"Zoll CH-D, Weilstrasse",47.592075,7.64379,"Riehen","Dauerzaehlstelle","Reale Zaehlstelle","Querschnitt",2,2,"MIV","Induktionsschlaufen","Hauptverkehrsstrasse (HVS)","Kanton Basel-Stadt","2015-10-01 02:00:00+02:00","in Betrieb",,"xlsx"
"53",804,"Rosentalstrasse 28/27",47.564999,7.604208,"Basel","Dauerzaehlstelle","Reale Zaehlstelle","Querschnitt",2,2,"Fuss","Infrarot","Siedlungsorientierte Strasse (SOS)","Kanton Basel-Stadt","2013-01-01 01:00:00+01:00","in Betrieb",,"xlsx"
"57",808,"Wolfschlucht-Promenade",47.537088,7.589978,"Basel","Dauerzaehlstelle","Reale Zaehlstelle","Querschnitt",2,2,"Fuss","Infrarot","Andere","Kanton Basel-Stadt","2013-01-01 01:00:00+01:00","in Betrieb",,"xlsx"
"58",809,"Allschwilerstrasse 77/86",47.557273,7.569708,"Basel","Dauerzaehlstelle","Reale Zaehlstelle","Querschnitt",2,2,"Fuss","Infrarot","Hauptsammelstrasse (HSS)","Kanton Basel-Stadt","2013-01-01 01:00:00+01:00","in Betrieb",,"xlsx"
"65",816,"Schmiedgasse 7/14 (Riehen)",47.584845,7.650071,"Riehen","Dauerzaehlstelle","Reale Zaehlstelle","Querschnitt",2,2,"Fuss","Infrarot","Siedlungsorientierte Strasse (SOS)","Kanton Basel-Stadt","2013-01-01 01:00:00+01:00","in Betrieb",,"xlsx"
"69",904,"Hammerstrasse 90",47.564458,7.595562,"Basel","Dauerzaehlstelle","Reale Zaehlstelle","Querschnitt",2,2,"Velo/Moto","Induktionsschlaufen","Siedlungsorientierte Strasse (SOS)","Kanton Basel-Stadt","2012-10-01 02:00:00+02:00","in Betrieb",,"xlsx"
"74",910,"St. Galler-Ring 101",47.554797,7.56718,"Basel","Dauerzaehlstelle","Reale Zaehlstelle","Querschnitt",2,2,"Velo/Moto","Induktionsschlaufen","Siedlungsorientierte Strasse (SOS)","Kanton Basel-Stadt","2011-09-21 02:00:00+02:00","in Betrieb",,"xlsx"
"82",100113,"Schwarzwaldbrücke lokal",47.557316,7.614556,"Basel","Dauerzaehlstelle","Reale Zaehlstelle","Querschnitt",2,6,"MIV","Induktionsschlaufen","Hauptverkehrsstrasse (HVS)","BUND","1974-01-01 01:00:00+01:00","in Betrieb","https://www.astra.admin.ch/astra/de/home/dokumentation/verkehrsdaten/daten-publikationen/automatische-strassenverkehrszaehlung/monats-jahresergebnisse.html","xlsx"
"86",100277,"A2 Gellert Nord",47.548581,7.614988,"Basel","Dauerzaehlstelle","Reale Zaehlstelle","Querschnitt",2,7,"MIV","Induktionsschlaufen","Hochleistungsstrasse (HLS)","BUND","2008-09-04 02:00:00+02:00","in Betrieb","https://www.astra.admin.ch/astra/de/home/dokumentation/verkehrsdaten/daten-publikationen/automatische-strassenverkehrszaehlung/monats-jahresergebnisse.html","xlsx"
"87",100278,"A2 Gellert Süd",47.544672,7.61613,"Basel","Dauerzaehlstelle","Reale Zaehlstelle","Querschnitt",2,3,"MIV","Induktionsschlaufen","Hochleistungsstrasse (HLS)","BUND","2008-09-04 02:00:00+02:00","in Betrieb","https://www.astra.admin.ch/astra/de/home/dokumentation/verkehrsdaten/daten-publikationen/automatische-strassenverkehrszaehlung/monats-jahresergebnisse.html","xlsx"
"90",200801,"Aeschengraben (Ri Nord)",47.548891,7.591479,"Basel","Kurzzeitzaehlstelle","Reale Zaehlstelle","Querschnitt",1,2,"MIV","Plattenzaehlung","Hauptverkehrsstrasse (HVS)","Kanton Basel-Stadt","2008-11-17 01:00:00+01:00","ausser Betrieb",,"xlsx"
"94",200805,"Klybeckstrasse 170",47.57015,7.590265,"Basel","Kurzzeitzaehlstelle","Reale Zaehlstelle","Querschnitt",2,2,"MIV","Plattenzaehlung","Hauptsammelstrasse (HSS)","Kanton Basel-Stadt","1998-09-12 02:00:00+02:00","ausser Betrieb",,"xlsx"
"97",200808,"Luzernerring 74/91",47.568591,7.567764,"Basel","Kurzzeitzaehlstelle","Reale Zaehlstelle","Querschnitt",2,2,"MIV","Plattenzaehlung","Hauptverkehrsstrasse (HVS)","Kanton Basel-Stadt","1998-06-13 02:00:00+02:00","ausser Betrieb",,"xlsx"
"106",201020,"Schwarzwaldallee (Bad. Bhf)",47.567505,7.606435,"Basel","Kurzzeitzaehlstelle","Reale Zaehlstelle","Querschnitt",2,4,"MIV","Plattenzaehlung","Hauptverkehrsstrasse (HVS)","Kanton Basel-Stadt","2010-03-08 01:00:00+01:00","ausser Betrieb",,"xlsx"
"108",201022,"Basler Straße / Bahnhof Stetten",47.602062,7.658982,"Larrach (D)","Kurzzeitzaehlstelle","Reale Zaehlstelle","Querschnitt",2,2,"Velo","Handzaehlung","Andere","Deutschland","2010-05-02 02:00:00+02:00","ausser Betrieb",,"pdf"
"113",201054,"Schwarzwaldallee/Maulbeerstrasse",47.568554,7.605815,"Basel","Kurzzeitzaehlstelle","Reale Zaehlstelle","Knotenstrom",4,0,"MIV","Handzaehlung","Hauptverkehrsstrasse (HVS)","Kanton Basel-Stadt","2010-03-09 01:00:00+01:00","ausser Betrieb",,"pdf"
"115",201056,"Baslerstrasse/Margarethenstich",47.543865,7.578295,"Basel","Kurzzeitzaehlstelle","Reale Zaehlstelle","Knotenstrom",3,0,"MIV","Handzaehlung","Hauptverkehrsstrasse (HVS)","Kanton Basel-Stadt","2010-04-30 02:00:00+02:00","ausser Betrieb",,"pdf"
"118",201103,"Lörracherstrasse Grenze (Riehen)",47.595276,7.655592,"Riehen","Kurzzeitzaehlstelle","Reale Zaehlstelle","Querschnitt",2,2,"Velo+Fuss","Handzaehlung","Hauptverkehrsstrasse (HVS)","Andere","2011-03-24 01:00:00+01:00","ausser Betrieb",,"xlsx"
"122",201107,"Am Wiesengriener Grenze (Riehen)",47.596065,7.649774,"Riehen","Kurzzeitzaehlstelle","Reale Zaehlstelle","Querschnitt",2,2,"Velo+Fuss","Handzaehlung","Andere","Andere","2011-03-21 01:00:00+01:00","ausser Betrieb",,"xlsx"
"135",201152,"Wander-/Gotthelfstrasse",47.55277,7.56896,"Basel","Kurzzeitzaehlstelle","Reale Zaehlstelle","Knotenstrom",4,0,"MIV","Handzaehlung","Hauptsammelstrasse (HSS)","Kanton Basel-Stadt","2011-06-16 02:00:00+02:00","ausser Betrieb",,"pdf"
"136",201153,"Blotzheimerstrasse - Welschmattstrasse",47.56126,7.563205,"Basel","Kurzzeitzaehlstelle","Reale Zaehlstelle","Knotenstrom",3,0,"MIV","Handzaehlung","Siedlungsorientierte Strasse (SOS)","Kanton Basel-Stadt","2011-11-09 01:00:00+01:00","ausser Betrieb",,"pdf"
"137",201154,"Ensisheimerstrasse - Lützelstrasse",47.564173,7.56736,"Basel","Kurzzeitzaehlstelle","Reale Zaehlstelle","Knotenstrom",3,0,"MIV","Handzaehlung","Siedlungsorientierte Strasse (SOS)","Kanton Basel-Stadt","2011-11-10 01:00:00+01:00","ausser Betrieb",,"pdf"
"138",201155,"Michelbacherstrasse - Markircherstrasse",47.565514,7.562692,"Basel","Kurzzeitzaehlstelle","Reale Zaehlstelle","Knotenstrom",4,0,"MIV","Handzaehlung","Siedlungsorientierte Strasse (SOS)","Kanton Basel-Stadt","2011-11-08 01:00:00+01:00","ausser Betrieb",,"pdf"
"142",201252,"Solothurner-/Hochstrasse",47.54565,7.591713,"Basel","Kurzzeitzaehlstelle","Reale Zaehlstelle","Knotenstrom",2,0,"MIV+Fuss","Handzaehlung","Siedlungsorientierte Strasse (SOS)","Kanton Basel-Stadt","2012-09-27 02:00:00+02:00","ausser Betrieb",,"pdf"
"143",201301,"Altrheinweg 46",47.576783,7.587793,"Basel","Kurzzeitzaehlstelle","Reale Zaehlstelle","Querschnitt",2,2,"MIV+Velo/Moto","Radar","Siedlungsorientierte Strasse (SOS)","Kanton Basel-Stadt","2013-04-18 02:00:00+02:00","ausser Betrieb",,"pdf"
"144",201302,"Augensteinerstrasse",47.549246,7.60371,"Basel","Kurzzeitzaehlstelle","Reale Zaehlstelle","Querschnitt",1,1,"MIV+Velo/Moto","Radar","Siedlungsorientierte Strasse (SOS)","Kanton Basel-Stadt","2013-06-06 02:00:00+02:00","ausser Betrieb",,"pdf"
"146",201304,"Brantgasse 8",47.564243,7.597363,"Basel","Kurzzeitzaehlstelle","Reale Zaehlstelle","Querschnitt",1,1,"MIV+Velo/Moto","Radar","Siedlungsorientierte Strasse (SOS)","Kanton Basel-Stadt","2013-06-25 02:00:00+02:00","ausser Betrieb",,"pdf"
"147",201305,"Bürenfluhstrasse 11",47.529788,7.599548,"Basel","Kurzzeitzaehlstelle","Reale Zaehlstelle","Querschnitt",2,2,"MIV+Velo/Moto","Radar","Siedlungsorientierte Strasse (SOS)","Kanton Basel-Stadt","2013-05-16 02:00:00+02:00","ausser Betrieb",,"pdf"
"149",201307,"Flachsländerstr. 6",47.568908,7.589385,"Basel","Kurzzeitzaehlstelle","Reale Zaehlstelle","Querschnitt",1,1,"MIV+Velo/Moto","Radar","Siedlungsorientierte Strasse (SOS)","Kanton Basel-Stadt","2013-06-27 02:00:00+02:00","ausser Betrieb",,"pdf"
"152",201310,"Im Rheinacker 20",47.563326,7.625948,"Basel","Kurzzeitzaehlstelle","Reale Zaehlstelle","Querschnitt",1,1,"MIV+Velo/Moto","Radar","Siedlungsorientierte Strasse (SOS)","Kanton Basel-Stadt","2013-05-23 02:00:00+02:00","ausser Betrieb",,"xlsx"
"155",201313,"Oberalpstrasse 48",47.549787,7.564122,"Basel","Kurzzeitzaehlstelle","Reale Zaehlstelle","Querschnitt",2,2,"MIV+Velo/Moto","Radar","Siedlungsorientierte Strasse (SOS)","Kanton Basel-Stadt","2013-06-04 02:00:00+02:00","ausser Betrieb",,"pdf"
"157",201315,"Rheinländerstrasse 12",47.563581,7.57802,"Basel","Kurzzeitzaehlstelle","Reale Zaehlstelle","Querschnitt",2,2,"MIV+Velo/Moto","Radar","Siedlungsorientierte Strasse (SOS)","Kanton Basel-Stadt","2013-04-11 02:00:00+02:00","ausser Betrieb",,"pdf"
"158",201316,"Seltisbergerstrasse 115",47.527668,7.596495,"Basel","Kurzzeitzaehlstelle","Reale Zaehlstelle","Querschnitt",2,2,"MIV+Velo/Moto","Radar","Siedlungsorientierte Strasse (SOS)","Kanton Basel-Stadt","2013-05-14 02:00:00+02:00","ausser Betrieb",,"pdf"
"160",201318,"Tüllingerstrasse 44",47.568012,7.617134,"Basel","Kurzzeitzaehlstelle","Reale Zaehlstelle","Querschnitt",2,2,"MIV+Velo/Moto","Radar","Siedlungsorientierte Strasse (SOS)","Kanton Basel-Stadt","2013-06-18 02:00:00+02:00","ausser Betrieb",,"pdf"
"168",201505,"Zoll Lörracherstrasse (Riehen)",47.595227,7.655558,"Riehen","Kurzzeitzaehlstelle","Reale Zaehlstelle","Querschnitt",2,2,"MIV+Velo/Moto","Radar","Hauptverkehrsstrasse (HVS)","Kanton Basel-Stadt","2015-04-24 02:00:00+02:00","ausser Betrieb",,"xlsx"
"169",201507,"Allschwil Grabenring",47.555159,7.537063,"Allschwil","Kurzzeitzaehlstelle","Reale Zaehlstelle","Querschnitt",2,2,"MIV","Radar","Andere","Kanton Basel-Land","2015-10-30 01:00:00+01:00","ausser Betrieb",,"xlsx"
"170",201510,"Hirzbrunnen-Promenade Fuss",47.562777,7.619292,"Basel","Kurzzeitzaehlstelle","Reale Zaehlstelle","Querschnitt",2,2,"Fuss","Infrarot","Andere","Kanton Basel-Stadt","2015-07-07 02:00:00+02:00","ausser Betrieb",,"xlsx"
"171",201512,"Äussere Baselstrasse 277 (Riehen)",47.575358,7.634048,"Riehen","Kurzzeitzaehlstelle","Reale Zaehlstelle","Querschnitt",2,2,"MIV","Radar","Hauptverkehrsstrasse (HVS)","Kanton Basel-Stadt","2015-09-14 02:00:00+02:00","ausser Betrieb",,"xlsx"
"176",201517,"Kohlistieg  (Riehen)",47.568515,7.638987,"Riehen","Kurzzeitzaehlstelle","Reale Zaehlstelle","Querschnitt",2,2,"MIV","Radar","Siedlungsorientierte Strasse (SOS)","Kanton Basel-Stadt","2015-09-14 02:00:00+02:00","ausser Betrieb",,"xlsx"
"177",201518,"Grenzacherweg 187  (Riehen)",47.571494,7.645655,"Riehen","Kurzzeitzaehlstelle","Reale Zaehlstelle","Querschnitt",2,2,"MIV","Radar","Siedlungsorientierte Strasse (SOS)","Kanton Basel-Stadt","2015-09-14 02:00:00+02:00","ausser Betrieb",,"xlsx"
"179",201520,"Schützengasse 53  (Riehen)",47.586193,7.65512,"Riehen","Kurzzeitzaehlstelle","Reale Zaehlstelle","Querschnitt",2,2,"MIV","Radar","Siedlungsorientierte Strasse (SOS)","Kanton Basel-Stadt","2015-09-14 02:00:00+02:00","ausser Betrieb",,"xlsx"
"185",201526,"Weilstrasse 12 (Riehen)",47.589926,7.651024,"Riehen","Kurzzeitzaehlstelle","Reale Zaehlstelle","Querschnitt",2,2,"MIV","Radar","Hauptverkehrsstrasse (HVS)","Kanton Basel-Stadt","2015-09-15 02:00:00+02:00","ausser Betrieb",,"xlsx"
"186",201527,"Steingrubenweg 29/31 (Riehen)",47.589106,7.656972,"Riehen","Kurzzeitzaehlstelle","Reale Zaehlstelle","Querschnitt",2,2,"MIV","Radar","Siedlungsorientierte Strasse (SOS)","Kanton Basel-Stadt","2015-09-15 02:00:00+02:00","ausser Betrieb",,"xlsx"
"193",201536,"Im Spitzacker 24",47.52797,7.598727,"Basel","Kurzzeitzaehlstelle","Reale Zaehlstelle","Querschnitt",1,1,"MIV+Velo/Moto","Radar","Siedlungsorientierte Strasse (SOS)","Kanton Basel-Stadt","2015-06-17 02:00:00+02:00","ausser Betrieb",,"pdf"
"195",201538,"Oberalpstrasse 12",47.548148,7.564495,"Basel","Kurzzeitzaehlstelle","Reale Zaehlstelle","Querschnitt",2,2,"MIV+Velo/Moto","Radar","Siedlungsorientierte Strasse (SOS)","Kanton Basel-Stadt","2015-05-20 02:00:00+02:00","ausser Betrieb",,"pdf"
"197",201541,"Flughafenstrasse 26",47.567394,7.57126,"Basel","Kurzzeitzaehlstelle","Reale Zaehlstelle","Querschnitt",2,2,"MIV","Radar","Hauptverkehrsstrasse (HVS)","Kanton Basel-Stadt","2015-02-14 01:00:00+01:00","ausser Betrieb",,"xlsx"
"198",201544,"Fürstensteinerstrasse 63",47.537332,7.599648,"Basel","Kurzzeitzaehlstelle","Reale Zaehlstelle","Querschnitt",2,2,"MIV","Radar","Siedlungsorientierte Strasse (SOS)","Kanton Basel-Stadt","2015-02-07 01:00:00+01:00","ausser Betrieb",,"xlsx"
"202",201548,"Binningerstrasse (Zoo)",47.548588,7.582899,"Basel","Kurzzeitzaehlstelle","Reale Zaehlstelle","Querschnitt",2,2,"MIV","Radar","Hauptverkehrsstrasse (HVS)","Kanton Basel-Stadt","2015-05-03 02:00:00+02:00","ausser Betrieb",,"xlsx"
"204",201550,"Inzlingerstrasse 327 (Riehen)",47.585354,7.671338,"Riehen","Kurzzeitzaehlstelle","Reale Zaehlstelle","Querschnitt",2,2,"MIV","Radar","Hauptverkehrsstrasse (HVS)","Kanton Basel-Stadt","2015-02-07 01:00:00+01:00","ausser Betrieb",,"xlsx"
"206",201552,"Rebgasse 5",47.560795,7.594217,"Basel","Kurzzeitzaehlstelle","Reale Zaehlstelle","Querschnitt",1,1,"MIV","Radar","Siedlungsorientierte Strasse (SOS)","Kanton Basel-Stadt","2015-01-17 01:00:00+01:00","ausser Betrieb",,"xlsx"
"212",201605,"Efringerstrasse 98",47.570901,7.596407,"Basel","Kurzzeitzaehlstelle","Reale Zaehlstelle","Querschnitt",1,1,"MIV+Velo/Moto","Radar","Siedlungsorientierte Strasse (SOS)","Kanton Basel-Stadt","2016-04-07 02:00:00+02:00","ausser Betrieb",,"pdf"
"213",201606,"Hirzbrunnenschanze 29",47.567088,7.616066,"Basel","Kurzzeitzaehlstelle","Reale Zaehlstelle","Querschnitt",2,2,"MIV+Velo/Moto","Radar","Siedlungsorientierte Strasse (SOS)","Kanton Basel-Stadt","2016-03-01 01:00:00+01:00","ausser Betrieb",,"pdf"
"216",201609,"Lothringerstrasse 63",47.5684,7.577359,"Basel","Kurzzeitzaehlstelle","Reale Zaehlstelle","Querschnitt",1,1,"MIV+Velo/Moto","Radar","Siedlungsorientierte Strasse (SOS)","Kanton Basel-Stadt","2016-03-15 01:00:00+01:00","ausser Betrieb",,"pdf"
"220",201613,"Efringerstrasse 25",47.568612,7.596374,"Basel","Kurzzeitzaehlstelle","Reale Zaehlstelle","Querschnitt",2,2,"MIV","Radar","Siedlungsorientierte Strasse (SOS)","Kanton Basel-Stadt","2016-04-23 02:00:00+02:00","ausser Betrieb",,"xlsx"
"222",201617,"Rheingasse 4",47.560573,7.591474,"Basel","Kurzzeitzaehlstelle","Reale Zaehlstelle","Querschnitt",2,2,"MIV","Radar","Siedlungsorientierte Strasse (SOS)","Kanton Basel-Stadt","2014-05-03 02:00:00+02:00","ausser Betrieb",,"xlsx"
"225",201620,"Au-/Leimenstrasse",47.553541,7.582009,"Basel","Kurzzeitzaehlstelle","Reale Zaehlstelle","Knotenstrom",4,2,"MIV+Velo+Fuss","Handzaehlung","Siedlungsorientierte Strasse (SOS)","Kanton Basel-Stadt","2016-06-16 02:00:00+02:00","ausser Betrieb",,"pdf"
"229",300202,"Allschwil Binningerstrasse",47.546311,7.555318,"Allschwil","Dauerzaehlstelle","Reale Zaehlstelle","Querschnitt",2,2,"MIV","Induktionsschlaufen","Hauptverkehrsstrasse (HVS)","Kanton Basel-Land","2000-01-01 01:00:00+01:00","in Betrieb","https://www.baselland.ch/politik-und-behorden/direktionen/bau-und-umweltschutzdirektion/tiefbauamt/kennzahlen/verkehrserhebungen","xlsx"
"230",300601,"Binningen Baslerstrasse",47.543579,7.578206,"Binningen","Dauerzaehlstelle","Reale Zaehlstelle","Querschnitt",2,2,"MIV","Induktionsschlaufen","Hauptverkehrsstrasse (HVS)","Kanton Basel-Land","2000-01-01 01:00:00+01:00","in Betrieb","https://www.baselland.ch/politik-und-behorden/direktionen/bau-und-umweltschutzdirektion/tiefbauamt/kennzahlen/verkehrserhebungen","xlsx"
"235",301103,"Muttenz St. Jakob-Strasse",47.536264,7.627497,"Muttenz","Dauerzaehlstelle","Reale Zaehlstelle","Querschnitt",2,2,"MIV","Induktionsschlaufen","Hauptverkehrsstrasse (HVS)","Kanton Basel-Land","2000-01-01 01:00:00+01:00","in Betrieb","https://www.baselland.ch/politik-und-behorden/direktionen/bau-und-umweltschutzdirektion/tiefbauamt/kennzahlen/verkehrserhebungen","xlsx"
"239",201701,"Turnerstrasse 29",0,0,"Basel","Kurzzeitzaehlstelle","Reale Zaehlstelle","Querschnitt",1,1,"MIV+Velo/Moto","Radar","Siedlungsorientierte Strasse (SOS)","Kanton Basel-Stadt","2017-01-12 01:00:00+01:00","ausser Betrieb",,"pdf"
"241",201703,"Im Holeeletten 22",47.546716,7.566603,"Basel","Kurzzeitzaehlstelle","Reale Zaehlstelle","Querschnitt",2,2,"MIV+Velo+Fuss","Radar","Siedlungsorientierte Strasse (SOS)","Kanton Basel-Stadt","2017-01-24 01:00:00+01:00","ausser Betrieb",,"pdf"
"242",201704,"Jungstrasse 18",0,0,"Basel","Kurzzeitzaehlstelle","Reale Zaehlstelle","Querschnitt",1,1,"MIV+Velo/Moto","Radar","Siedlungsorientierte Strasse (SOS)","Kanton Basel-Stadt","2017-01-10 01:00:00+01:00","ausser Betrieb",,"pdf"
"244",201707,"Steinenring 13",0,0,"Basel","Kurzzeitzaehlstelle","Reale Zaehlstelle","Querschnitt",2,2,"MIV","Radar","Hauptverkehrsstrasse (HVS)","Kanton Basel-Stadt","2016-12-30 01:00:00+01:00","ausser Betrieb",,"xlsx"
"246",201709,"Neuweilerstrasse 80",0,0,"Basel","Kurzzeitzaehlstelle","Reale Zaehlstelle","Querschnitt",2,2,"MIV","Radar","Hauptverkehrsstrasse (HVS)","Kanton Basel-Stadt","2016-12-23 01:00:00+01:00","ausser Betrieb",,"xlsx"
"247",201710,"St. Jakobs-Strasse 42",0,0,"Basel","Kurzzeitzaehlstelle","Reale Zaehlstelle","Querschnitt",2,2,"MIV","Radar","Hauptverkehrsstrasse (HVS)","Kanton Basel-Stadt","2017-01-06 01:00:00+01:00","ausser Betrieb",,"xlsx"
"250",201813,"Chrischonaweg 73",0,0,"Riehen","Kurzzeitzaehlstelle","Reale Zaehlstelle","Querschnitt",2,2,"MIV","Radar","Siedlungsorientierte Strasse (SOS)","Kanton Basel-Stadt","2017-03-24 01:00:00+01:00","ausser Betrieb",,"xlsx"
"251",201714,"Essigstrasse 33",0,0,"Riehen","Kurzzeitzaehlstelle","Reale Zaehlstelle","Querschnitt",2,2,"MIV","Radar","Siedlungsorientierte Strasse (SOS)","Kanton Basel-Stadt","2017-03-10 01:00:00+01:00","ausser Betrieb",,"xlsx"
"254",201717,"Burgstrasse 153",0,0,"Riehen","Kurzzeitzaehlstelle","Reale Zaehlstelle","Querschnitt",2,2,"MIV","Radar","Siedlungsorientierte Strasse (SOS)","Kanton Basel-Stadt","2017-05-20 02:00:00+02:00","ausser Betrieb",,"xlsx"
"259",201621,"Schäublinstrasse 35",0,0,"Basel","Kurzzeitzaehlstelle","Reale Zaehlstelle","Querschnitt",2,2,"MIV","Radar","Siedlungsorientierte Strasse (SOS)","Kanton Basel-Stadt","2016-09-02 02:00:00+02:00","ausser Betrieb",,"xlsx"
"265",201726,"Gartenstrasse 63",0,0,"Basel","Kurzzeitzaehlstelle","Reale Zaehlstelle","Querschnitt",2,2,"MIV","Radar","Siedlungsorientierte Strasse (SOS)","Kanton Basel-Stadt","2017-11-21 01:00:00+01:00","ausser Betrieb",,"xlsx"
"266",201827,"Schliengerweg 12",0,0,"Basel","Kurzzeitzaehlstelle","Reale Zaehlstelle","Querschnitt",2,2,"MIV","Radar","Siedlungsorientierte Strasse (SOS)","Kanton Basel-Stadt","2017-10-02 02:00:00+02:00","ausser Betrieb",,"xlsx"
"267",201719,"Horburgstrasse 33",0,0,"Basel","Kurzzeitzaehlstelle","Reale Zaehlstelle","Querschnitt",2,2,"MIV","Radar","Siedlungsorientierte Strasse (SOS)","Kanton Basel-Stadt","2017-05-05 02:00:00+02:00","ausser Betrieb",,"xlsx"
"271",201752,"Bachgraben",0,0,"Basel","Kurzzeitzaehlstelle","Reale Zaehlstelle","Knotenstrom",4,4,"MIV+Velo+Fuss","Handzaehlung","Hauptverkehrsstrasse (HVS)","Kanton Basel-Stadt","2017-07-14 02:00:00+02:00","ausser Betrieb",,"pdf"
"274",201626,"Davidsrain 9",0,0,"Basel","Kurzzeitzaehlstelle","Reale Zaehlstelle","Querschnitt",2,2,"MIV+Velo/Moto","Radar","Siedlungsorientierte Strasse (SOS)","Kanton Basel-Stadt","2016-11-15 01:00:00+01:00","ausser Betrieb",,"pdf"
"277",200902,"Buchenstrasse 38",0,0,"Basel","Kurzzeitzaehlstelle","Reale Zaehlstelle","Querschnitt",2,2,"MIV+Velo/Moto","Radar","Siedlungsorientierte Strasse (SOS)","Kanton Basel-Stadt","2009-11-17 01:00:00+01:00","ausser Betrieb",,"pdf"
"280",201119,"Buchenstrasse 24",0,0,"Basel","Kurzzeitzaehlstelle","Reale Zaehlstelle","Querschnitt",2,2,"MIV+Velo/Moto","Radar","Siedlungsorientierte Strasse (SOS)","Kanton Basel-Stadt","2011-01-20 01:00:00+01:00","ausser Betrieb",,"pdf"
"284",201628,"Sissacherstrasse 23",0,0,"Basel","Kurzzeitzaehlstelle","Reale Zaehlstelle","Querschnitt",2,2,"MIV+Velo/Moto","Radar","Siedlungsorientierte Strasse (SOS)","Kanton Basel-Stadt","2016-12-13 01:00:00+01:00","ausser Betrieb",,"pdf"
"289",201731,"Markircherstrasse 12",0,0,"Basel","Kurzzeitzaehlstelle","Reale Zaehlstelle","Querschnitt",2,2,"MIV+Velo/Moto","Radar","Siedlungsorientierte Strasse (SOS)","Kanton Basel-Stadt","2017-06-22 02:00:00+02:00","ausser Betrieb",,"pdf"
"298",201324,"Sonnenweg 12",0,0,"Basel","Kurzzeitzaehlstelle","Reale Zaehlstelle","Querschnitt",2,2,"MIV+Velo/Moto","Radar","Siedlungsorientierte Strasse (SOS)","Kanton Basel-Stadt","2013-11-05 01:00:00+01:00","ausser Betrieb",,"pdf"
"302",201904,"Holbeinstrasse 10",0,0,"Basel","Kurzzeitzaehlstelle","Reale Zaehlstelle","Querschnitt",2,2,"MIV+Velo/Moto","Radar","Siedlungsorientierte Strasse (SOS)","Kanton Basel-Stadt","2019-10-24 02:00:00+02:00","ausser Betrieb",,"pdf"
"309",201636,"Spalentorweg 43",0,0,"Basel","Kurzzeitzaehlstelle","Reale Zaehlstelle","Querschnitt",2,2,"MIV+Velo/Moto","Radar","Siedlungsorientierte Strasse (SOS)","Kanton Basel-Stadt","2016-11-08 01:00:00+01:00","ausser Betrieb",,"pdf"
"316",84860,"B3/B317 Zollfreistrasse (CH/Lörrach)",-99,-99,"Lörrach","Dauerzaehlstelle","Reale Zaehlstelle","Querschnitt",2,2,"MIV","Handzählung","Hauptverkehrsstrasse (HVS)","Deutschland","2014-01-01 01:00:00+01:00","Ausser Betrieb",,"xlsx"
"2",113,"Schwarzwaldbrücke lokal alt",47.557304,7.614556,"Basel","Dauerzaehlstelle","Reale Zaehlstelle","Querschnitt",2,6,"MIV","Induktionsschlaufen","Hauptverkehrsstrasse (HVS)","Kanton Basel-Stadt","1974-01-01 01:00:00+01:00","ausser Betrieb",,"xlsx"
"3",140,"A2-A5, Grenzbrücke",47.578389,7.599079,"Basel","Dauerzaehlstelle","Reale Zaehlstelle","Querschnitt",2,4,"MIV","Induktionsschlaufen","Hochleistungsstrasse (HLS)","Kanton Basel-Stadt","1980-11-01 01:00:00+01:00","ausser Betrieb",,"xlsx"
"6",233,"A3-A35, Grenze CH-F, lokal",47.576163,7.561991,"Basel","Dauerzaehlstelle","Reale Zaehlstelle","Querschnitt",2,4,"MIV","Induktionsschlaufen","Hauptverkehrsstrasse (HVS)","Kanton Basel-Stadt","2005-01-01 01:00:00+01:00","in Betrieb",,"xlsx"
"54",805,"Rebgasse 11/28",47.560622,7.594464,"Basel","Dauerzaehlstelle","Reale Zaehlstelle","Querschnitt",2,2,"Fuss","Infrarot","Siedlungsorientierte Strasse (SOS)","Kanton Basel-Stadt","2013-01-01 01:00:00+01:00","in Betrieb",,"xlsx"
"93",200804,"Riehenring 185",47.570253,7.597613,"Basel","Kurzzeitzaehlstelle","Reale Zaehlstelle","Querschnitt",2,2,"MIV","Plattenzaehlung","Hauptverkehrsstrasse (HVS)","Kanton Basel-Stadt","1998-09-12 02:00:00+02:00","ausser Betrieb",,"xlsx"
"96",200807,"Elsässerstrasse Zoll",47.576952,7.572018,"Basel","Kurzzeitzaehlstelle","Reale Zaehlstelle","Querschnitt",2,2,"MIV","Plattenzaehlung","Hauptverkehrsstrasse (HVS)","Kanton Basel-Stadt","1998-09-21 02:00:00+02:00","ausser Betrieb",,"xlsx"
"110",201051,"Voltaplatz",47.570757,7.577954,"Basel","Kurzzeitzaehlstelle","Reale Zaehlstelle","Knotenstrom",4,0,"MIV+Velo/Moto","Handzaehlung","Hauptverkehrsstrasse (HVS)","Kanton Basel-Stadt","2010-02-02 01:00:00+01:00","ausser Betrieb",,"pdf"
"111",201052,"Bahnhofplatz/Riehenstrasse Unterführung",47.565818,7.607784,"Basel","Kurzzeitzaehlstelle","Reale Zaehlstelle","Knotenstrom",3,0,"MIV","Handzaehlung","Hauptverkehrsstrasse (HVS)","Kanton Basel-Stadt","2010-03-18 01:00:00+01:00","ausser Betrieb",,"pdf"
"120",201105,"Lettackerweg Grenze (Riehen)",47.594864,7.657166,"Riehen","Kurzzeitzaehlstelle","Reale Zaehlstelle","Querschnitt",2,2,"Velo+Fuss","Handzaehlung","Siedlungsorientierte Strasse (SOS)","Andere","2011-03-22 01:00:00+01:00","ausser Betrieb",,"xlsx"
"121",201106,"Friedlingen Grenze (Weg unter der Autobahn)",47.58576,7.601795,"Basel","Kurzzeitzaehlstelle","Reale Zaehlstelle","Querschnitt",2,2,"Velo+Fuss","Handzaehlung","Andere","Andere","2011-03-22 01:00:00+01:00","ausser Betrieb",,"xlsx"
"125",201110,"Elsässerstrasse Grenze",47.576964,7.572045,"Basel","Kurzzeitzaehlstelle","Reale Zaehlstelle","Querschnitt",2,2,"MIV+Velo+Fuss","Radar","Hauptverkehrsstrasse (HVS)","Andere","2011-04-05 02:00:00+02:00","ausser Betrieb",,"xlsx"
"126",201111,"Hüningerstrasse Grenze",47.57626,7.580589,"Basel","Kurzzeitzaehlstelle","Reale Zaehlstelle","Querschnitt",2,2,"MIV+Velo+Fuss","Radar","Siedlungsorientierte Strasse (SOS)","Andere","2011-03-31 02:00:00+02:00","ausser Betrieb",,"xlsx"
"131",201623,"Strassburgerallee 112",47.560793,7.56825,"Basel","Kurzzeitzaehlstelle","Reale Zaehlstelle","Querschnitt",2,2,"MIV","Radar","Hauptsammelstrasse (HSS)","Kanton Basel-Stadt","2011-11-12 01:00:00+01:00","ausser Betrieb",,"xlsx"
"133",201118,"Klybeckstrasse 98/65",47.567511,7.590616,"Basel","Kurzzeitzaehlstelle","Reale Zaehlstelle","Querschnitt",2,2,"MIV","Radar","Hauptsammelstrasse (HSS)","Kanton Basel-Stadt","2011-12-19 01:00:00+01:00","ausser Betrieb",,"xlsx"
"141",201251,"Blotzheimerstrasse - Grienstrasse",47.561406,7.565273,"Basel","Kurzzeitzaehlstelle","Reale Zaehlstelle","Knotenstrom",4,0,"MIV","Handzaehlung","Siedlungsorientierte Strasse (SOS)","Kanton Basel-Stadt","2012-01-10 01:00:00+01:00","ausser Betrieb",,"pdf"
"145",201632,"Beim Wasserturm 8",47.52735,7.59307,"Basel","Kurzzeitzaehlstelle","Reale Zaehlstelle","Querschnitt",1,1,"MIV+Velo/Moto","Radar","Siedlungsorientierte Strasse (SOS)","Kanton Basel-Stadt","2013-05-07 02:00:00+02:00","ausser Betrieb",,"pdf"
"150",201539,"Froburgstrasse 17",47.555739,7.61179,"Basel","Kurzzeitzaehlstelle","Reale Zaehlstelle","Querschnitt",1,1,"MIV+Velo/Moto","Radar","Siedlungsorientierte Strasse (SOS)","Kanton Basel-Stadt","2013-04-09 02:00:00+02:00","ausser Betrieb",,"pdf"
"164",201501,"Kohlenstrasse (vor Zoll)",47.57608,7.574911,"Basel","Kurzzeitzaehlstelle","Reale Zaehlstelle","Querschnitt",2,2,"MIV","Radar","Hauptverkehrsstrasse (HVS)","Kanton Basel-Stadt","2015-11-02 01:00:00+01:00","ausser Betrieb",,"xlsx"
"165",201502,"Elsässerstrasse (vor Zoll)",47.57678,7.572261,"Basel","Kurzzeitzaehlstelle","Reale Zaehlstelle","Querschnitt",2,2,"MIV","Radar","Hauptverkehrsstrasse (HVS)","Kanton Basel-Stadt","2015-11-02 01:00:00+01:00","ausser Betrieb",,"xlsx"
"167",201504,"Hegenheimerstrasse (vor Zoll)",47.565162,7.557677,"Basel","Kurzzeitzaehlstelle","Reale Zaehlstelle","Querschnitt",2,2,"MIV","Radar","Hauptsammelstrasse (HSS)","Kanton Basel-Stadt","2015-11-02 01:00:00+01:00","ausser Betrieb",,"xlsx"
"182",201523,"Keltenweg 15 (Riehen)",47.573318,7.634072,"Riehen","Kurzzeitzaehlstelle","Reale Zaehlstelle","Querschnitt",2,2,"MIV","Radar","Siedlungsorientierte Strasse (SOS)","Kanton Basel-Stadt","2015-09-15 02:00:00+02:00","ausser Betrieb",,"xlsx"
"183",201524,"Wasserstelzenweg 15 (Riehen)",47.572723,7.639963,"Riehen","Kurzzeitzaehlstelle","Reale Zaehlstelle","Querschnitt",2,2,"MIV","Radar","Siedlungsorientierte Strasse (SOS)","Kanton Basel-Stadt","2015-09-15 02:00:00+02:00","ausser Betrieb",,"xlsx"
"189",201530,"Grenzacherweg 15  (Riehen)",47.579402,7.648439,"Riehen","Kurzzeitzaehlstelle","Reale Zaehlstelle","Querschnitt",2,2,"MIV","Radar","Siedlungsorientierte Strasse (SOS)","Kanton Basel-Stadt","2015-09-23 02:00:00+02:00","ausser Betrieb",,"xlsx"
"191",201534,"Gempenstrasse 16",47.544864,7.587279,"Basel","Kurzzeitzaehlstelle","Reale Zaehlstelle","Querschnitt",1,1,"MIV+Velo/Moto","Radar","Siedlungsorientierte Strasse (SOS)","Kanton Basel-Stadt","2015-05-19 02:00:00+02:00","ausser Betrieb",,"pdf"
"194",201537,"In den Klosterreben 13",47.554623,7.606118,"Basel","Kurzzeitzaehlstelle","Reale Zaehlstelle","Querschnitt",1,1,"MIV+Velo/Moto","Radar","Siedlungsorientierte Strasse (SOS)","Kanton Basel-Stadt","2015-06-03 02:00:00+02:00","ausser Betrieb",,"pdf"
"199",201545,"Gempenstrasse 68",47.543157,7.585847,"Basel","Kurzzeitzaehlstelle","Reale Zaehlstelle","Querschnitt",1,1,"MIV","Radar","Siedlungsorientierte Strasse (SOS)","Kanton Basel-Stadt","2015-01-17 01:00:00+01:00","ausser Betrieb",,"xlsx"
"203",201549,"St. Jakob Denkmal",47.547909,7.598344,"Basel","Kurzzeitzaehlstelle","Reale Zaehlstelle","Knotenstrom",4,0,"MIV","Handzaehlung","Hauptverkehrsstrasse (HVS)","Kanton Basel-Stadt","2015-09-02 02:00:00+02:00","ausser Betrieb",,"pdf"
"207",201553,"Hammerstrasse 75",47.563341,7.596358,"Basel","Kurzzeitzaehlstelle","Reale Zaehlstelle","Querschnitt",1,1,"MIV","Radar","Siedlungsorientierte Strasse (SOS)","Kanton Basel-Stadt","2014-05-03 02:00:00+02:00","ausser Betrieb",,"xlsx"
"209",201602,"Birkenstrasse 38",47.556755,7.573026,"Basel","Kurzzeitzaehlstelle","Reale Zaehlstelle","Querschnitt",1,1,"MIV+Velo/Moto","Radar","Siedlungsorientierte Strasse (SOS)","Kanton Basel-Stadt","2016-03-10 01:00:00+01:00","ausser Betrieb",,"pdf"
"210",201603,"Chrischonastrasse 63",47.559835,7.603748,"Basel","Kurzzeitzaehlstelle","Reale Zaehlstelle","Querschnitt",2,2,"MIV+Velo/Moto","Radar","Siedlungsorientierte Strasse (SOS)","Kanton Basel-Stadt","2016-03-03 01:00:00+01:00","ausser Betrieb",,"pdf"
"211",201604,"Dammerkirchstrasse 24",47.567501,7.567679,"Basel","Kurzzeitzaehlstelle","Reale Zaehlstelle","Querschnitt",2,2,"MIV+Velo/Moto","Radar","Siedlungsorientierte Strasse (SOS)","Kanton Basel-Stadt","2016-02-25 01:00:00+01:00","ausser Betrieb",,"pdf"
"214",201607,"Kannenfeldplatz",47.565562,7.57343,"Basel","Kurzzeitzaehlstelle","Reale Zaehlstelle","Querschnitt",4,2,"MIV+Velo+Fuss","Induktionsschlaufen LSA","Hauptverkehrsstrasse (HVS)","Kanton Basel-Stadt","2016-04-21 02:00:00+02:00","ausser Betrieb",,"pdf"
"218",201611,"Mostackerstrasse 14",47.555298,7.581772,"Basel","Kurzzeitzaehlstelle","Reale Zaehlstelle","Querschnitt",2,2,"MIV+Velo/Moto","Radar","Siedlungsorientierte Strasse (SOS)","Kanton Basel-Stadt","2016-03-08 01:00:00+01:00","ausser Betrieb",,"pdf"
"226",201650,"Inzlingerstrasse 309 (Riehen)",47.584995,7.669004,"Riehen","Kurzzeitzaehlstelle","Reale Zaehlstelle","Querschnitt",2,2,"MIV","Radar","Hauptverkehrsstrasse (HVS)","Kanton Basel-Stadt","2016-09-22 02:00:00+02:00","ausser Betrieb",,"xlsx"
"227",201660,"Missionstrasse 37/42",47.560465,7.576632,"Basel","Kurzzeitzaehlstelle","Reale Zaehlstelle","Querschnitt",2,2,"Fuss","Infrarot","Hauptsammelstrasse (HSS)","Kanton Basel-Stadt","2016-11-14 01:00:00+01:00","ausser Betrieb",,"xlsx"
"232",300701,"Birsfelden Hauptstrasse",47.554773,7.618729,"Birsfelden","Dauerzaehlstelle","Reale Zaehlstelle","Querschnitt",2,2,"MIV","Induktionsschlaufen","Hauptverkehrsstrasse (HVS)","Kanton Basel-Land","2000-01-01 01:00:00+01:00","in Betrieb","https://www.baselland.ch/politik-und-behorden/direktionen/bau-und-umweltschutzdirektion/tiefbauamt/kennzahlen/verkehrserhebungen","xlsx"
"261",918,"Elsässerrheinweg",0,0,"Basel","Dauerzaehlstelle","Reale Zaehlstelle","Querschnitt",2,2,"Velo/Moto+Fuss","Induktionsschlaufen","Andere","Kanton Basel-Stadt","2017-02-01 01:00:00+01:00","in Betrieb",,"xlsx"
"262",919,"St. Alban-Rheinweg",0,0,"Basel","Dauerzaehlstelle","Reale Zaehlstelle","Querschnitt",2,2,"Velo/Moto","Induktionsschlaufen","Siedlungsorientierte Strasse (SOS)","Kanton Basel-Stadt","2017-02-01 01:00:00+01:00","in Betrieb",,"xlsx"
"263",920,"J. Burckhardt-Strasse",0,0,"Basel","Dauerzaehlstelle","Reale Zaehlstelle","Querschnitt",1,1,"Velo/Moto","Induktionsschlaufen","Hauptverkehrsstrasse (HVS)","Kanton Basel-Stadt","2017-11-23 01:00:00+01:00","in Betrieb",,"xlsx"
"264",201725,"Hochstrasse 39",0,0,"Basel","Kurzzeitzaehlstelle","Reale Zaehlstelle","Querschnitt",2,2,"MIV","Radar","Siedlungsorientierte Strasse (SOS)","Kanton Basel-Stadt","2017-12-04 01:00:00+01:00","ausser Betrieb",,"xlsx"
"268",201803,"Birsigstrasse 28",0,0,"Basel","Kurzzeitzaehlstelle","Reale Zaehlstelle","Querschnitt",2,2,"MIV","Radar","Siedlungsorientierte Strasse (SOS)","Kanton Basel-Stadt","2018-06-18 02:00:00+02:00","ausser Betrieb",,"xlsx"
"269",201801,"Drosselstrasse 45",0,0,"Basel","Kurzzeitzaehlstelle","Reale Zaehlstelle","Querschnitt",2,2,"MIV","Radar","Siedlungsorientierte Strasse (SOS)","Kanton Basel-Stadt","2018-11-06 01:00:00+01:00","ausser Betrieb",,"xlsx"
"281",201727,"Lenzgasse 28",0,0,"Basel","Kurzzeitzaehlstelle","Reale Zaehlstelle","Querschnitt",2,2,"MIV+Velo/Moto","Radar","Siedlungsorientierte Strasse (SOS)","Kanton Basel-Stadt","2017-06-13 02:00:00+02:00","ausser Betrieb",,"pdf"
"282",201901,"Heinrichsgasse",0,0,"Basel","Kurzzeitzaehlstelle","Reale Zaehlstelle","Querschnitt",2,2,"MIV+Velo/Moto","Radar","Siedlungsorientierte Strasse (SOS)","Kanton Basel-Stadt","2019-10-29 01:00:00+01:00","ausser Betrieb",,"pdf"
"283",201627,"Blauensteinerstrasse 6",0,0,"Basel","Kurzzeitzaehlstelle","Reale Zaehlstelle","Querschnitt",2,2,"MIV+Velo/Moto","Radar","Siedlungsorientierte Strasse (SOS)","Kanton Basel-Stadt","2016-12-01 01:00:00+01:00","ausser Betrieb",,"pdf"
"286",201729,"Oetlingerstrasse 157",0,0,"Basel","Kurzzeitzaehlstelle","Reale Zaehlstelle","Querschnitt",2,2,"MIV+Velo/Moto","Radar","Siedlungsorientierte Strasse (SOS)","Kanton Basel-Stadt","2017-06-08 02:00:00+02:00","ausser Betrieb",,"pdf"
"287",201629,"Oetlingerstrasse 71",0,0,"Basel","Kurzzeitzaehlstelle","Reale Zaehlstelle","Querschnitt",2,2,"MIV+Velo/Moto","Radar","Siedlungsorientierte Strasse (SOS)","Kanton Basel-Stadt","2016-11-22 01:00:00+01:00","ausser Betrieb",,"pdf"
"288",201730,"Matthäusstrasse 16",0,0,"Basel","Kurzzeitzaehlstelle","Reale Zaehlstelle","Querschnitt",2,2,"MIV+Velo/Moto","Radar","Siedlungsorientierte Strasse (SOS)","Kanton Basel-Stadt","2017-06-27 02:00:00+02:00","ausser Betrieb",,"pdf"
"303",201905,"Rämelstrasse",0,0,"Basel","Kurzzeitzaehlstelle","Reale Zaehlstelle","Querschnitt",2,2,"MIV+Velo/Moto","Radar","Siedlungsorientierte Strasse (SOS)","Kanton Basel-Stadt","2019-10-17 02:00:00+02:00","ausser Betrieb",,"pdf"
"18",354,"Wettsteinbrücke",47.558056,7.597487,"Basel","Dauerzaehlstelle","Reale Zaehlstelle","Querschnitt",2,2,"MIV+Velo/Moto","Induktionsschlaufen","Hauptverkehrsstrasse (HVS)","Kanton Basel-Stadt","2000-01-01 01:00:00+01:00","in Betrieb",,"xlsx"
"19",401,"Luzernerring-Brücke",47.569777,7.572314,"Basel","Dauerzaehlstelle","Reale Zaehlstelle","Querschnitt",2,2,"MIV","Induktionsschlaufen","Hauptverkehrsstrasse (HVS)","Kanton Basel-Stadt","2015-01-01 01:00:00+01:00","in Betrieb",,"xlsx"
"37",420,"Nauenstrasse 73",47.546597,7.594879,"Basel","Dauerzaehlstelle","Reale Zaehlstelle","Querschnitt",2,4,"MIV","Induktionsschlaufen","Hauptverkehrsstrasse (HVS)","Kanton Basel-Stadt","2004-10-01 02:00:00+02:00","in Betrieb",,"xlsx"
"42",660,"Flughafenstrasse, Grenze CH-F",47.574792,7.562314,"Basel","Dauerzaehlstelle","Reale Zaehlstelle","Querschnitt",2,2,"MIV+Velo/Moto","Induktionsschlaufen","Hauptverkehrsstrasse (HVS)","Kanton Basel-Stadt","2000-10-01 02:00:00+02:00","in Betrieb",,"xlsx"
"48",772,"Austrasse 38",47.553443,7.582243,"Basel","Dauerzaehlstelle","Reale Zaehlstelle","Querschnitt",1,1,"MIV","Induktionsschlaufen LSA","Siedlungsorientierte Strasse (SOS)","Kanton Basel-Stadt","2012-01-01 01:00:00+01:00","in Betrieb",,"xlsx"
"49",773,"Eulerstrasse 34",47.555328,7.58058,"Basel","Dauerzaehlstelle","Reale Zaehlstelle","Querschnitt",1,1,"MIV","Induktionsschlaufen LSA","Siedlungsorientierte Strasse (SOS)","Kanton Basel-Stadt","2015-01-01 01:00:00+01:00","in Betrieb",,"xlsx"
"61",812,"Wettsteinbrücke",47.555017,7.594806,"Basel","Dauerzaehlstelle","Reale Zaehlstelle","Querschnitt",2,2,"Fuss","Infrarot","Hauptverkehrsstrasse (HVS)","Kanton Basel-Stadt","2013-01-01 01:00:00+01:00","in Betrieb",,"xlsx"
"62",813,"Hardstrasse 66/77",47.549831,7.605634,"Basel","Dauerzaehlstelle","Reale Zaehlstelle","Querschnitt",2,2,"Fuss","Infrarot","Hauptsammelstrasse (HSS)","Kanton Basel-Stadt","2013-01-01 01:00:00+01:00","in Betrieb",,"xlsx"
"67",902,"Viaduktstrasse",47.549777,7.583341,"Basel","Dauerzaehlstelle","Reale Zaehlstelle","Querschnitt",2,2,"Velo/Moto","Induktionsschlaufen","Hauptverkehrsstrasse (HVS)","Kanton Basel-Stadt","2014-11-15 01:00:00+01:00","in Betrieb",,"xlsx"
"71",906,"Hegenheimerstrasse 44",47.560581,7.571595,"Basel","Dauerzaehlstelle","Reale Zaehlstelle","Querschnitt",2,2,"Velo/Moto","Induktionsschlaufen","Siedlungsorientierte Strasse (SOS)","Kanton Basel-Stadt","2011-08-31 02:00:00+02:00","in Betrieb",,"xlsx"
"73",909,"General Guisan-Strasse 104",47.549704,7.56548,"Basel","Dauerzaehlstelle","Reale Zaehlstelle","Querschnitt",2,2,"Velo/Moto","Induktionsschlaufen","Siedlungsorientierte Strasse (SOS)","Kanton Basel-Stadt","2011-09-19 02:00:00+02:00","in Betrieb",,"xlsx"
"76",912,"Elsässerstrasse 261/260",47.576697,7.57227,"Basel","Dauerzaehlstelle","Reale Zaehlstelle","Querschnitt",2,2,"Velo/Moto","Induktionsschlaufen","Hauptverkehrsstrasse (HVS)","Kanton Basel-Stadt","2011-09-06 02:00:00+02:00","in Betrieb",,"xlsx"
"77",913,"Burgfelderstrasse",47.570134,7.559018,"Basel","Dauerzaehlstelle","Reale Zaehlstelle","Querschnitt",2,2,"Velo/Moto","Induktionsschlaufen","Hauptverkehrsstrasse (HVS)","Kanton Basel-Stadt","2012-10-03 02:00:00+02:00","in Betrieb",,"xlsx"
"78",914,"Hiltalingerstrasse 7",47.586227,7.593117,"Basel","Dauerzaehlstelle","Reale Zaehlstelle","Querschnitt",2,2,"Velo/Moto","Induktionsschlaufen","Hauptverkehrsstrasse (HVS)","Kanton Basel-Stadt","2015-08-15 02:00:00+02:00","in Betrieb",,"xlsx"
"79",915,"Luzernerring-Brücke",47.569303,7.570239,"Basel","Dauerzaehlstelle","Reale Zaehlstelle","Querschnitt",2,2,"Velo/Moto","Induktionsschlaufen","Hauptverkehrsstrasse (HVS)","Kanton Basel-Stadt","2012-10-03 02:00:00+02:00","in Betrieb",,"xlsx"
"80",916,"Stückisteg",47.579491,7.594746,"Basel","Dauerzaehlstelle","Reale Zaehlstelle","Querschnitt",2,2,"Velo/Moto+Fuss","Induktionsschlaufen","Andere","Kanton Basel-Stadt","2013-03-01 01:00:00+01:00","in Betrieb",,"xlsx"
"81",100070,"BASEL, SCHWARZWALDBR. (AB)",47.557279,7.614457,"Basel","Dauerzaehlstelle","Reale Zaehlstelle","Querschnitt",2,4,"MIV","Induktionsschlaufen","Hochleistungsstrasse (HLS)","BUND","1974-01-01 01:00:00+01:00","in Betrieb","https://www.astra.admin.ch/astra/de/home/dokumentation/verkehrsdaten/daten-publikationen/automatische-strassenverkehrszaehlung/monats-jahresergebnisse.html","xlsx"
"83",100143,"A2-A5 Grenzbrücke, CH-D",47.57808,7.599124,"Basel","Dauerzaehlstelle","Virtuelle Zaehlstelle","Querschnitt",2,6,"MIV","Induktionsschlaufen","Hochleistungsstrasse (HLS)","BUND","1980-11-01 01:00:00+01:00","in Betrieb","https://www.astra.admin.ch/astra/de/home/dokumentation/verkehrsdaten/daten-publikationen/automatische-strassenverkehrszaehlung/monats-jahresergebnisse.html","xlsx"
"88",100283,"A3-A35 Basel - St. Louis, CH-F",47.571467,7.575552,"Basel","Dauerzaehlstelle","Reale Zaehlstelle","Querschnitt",2,6,"MIV","Induktionsschlaufen","Hochleistungsstrasse (HLS)","BUND","2008-10-01 02:00:00+02:00","in Betrieb","https://www.astra.admin.ch/astra/de/home/dokumentation/verkehrsdaten/daten-publikationen/automatische-strassenverkehrszaehlung/monats-jahresergebnisse.html","xlsx"
"89",100321,"A3 Anschluss Wiese, Horburgtunnel",47.571594,7.598314,"Basel","Dauerzaehlstelle","Reale Zaehlstelle","Querschnitt",2,6,"MIV","Induktionsschlaufen","Hochleistungsstrasse (HLS)","BUND","2008-10-01 02:00:00+02:00","in Betrieb","https://www.astra.admin.ch/astra/de/home/dokumentation/verkehrsdaten/daten-publikationen/automatische-strassenverkehrszaehlung/monats-jahresergebnisse.html","xlsx"
"91",200802,"Horburgstrasse 50/33",47.57069,7.593611,"Basel","Kurzzeitzaehlstelle","Reale Zaehlstelle","Querschnitt",2,2,"MIV","Plattenzaehlung","Hauptverkehrsstrasse (HVS)","Kanton Basel-Stadt","1998-09-04 02:00:00+02:00","ausser Betrieb",,"xlsx"
"92",200803,"Mauerstrasse (Horburgpark)",47.573772,7.593512,"Basel","Kurzzeitzaehlstelle","Reale Zaehlstelle","Querschnitt",2,2,"MIV","Plattenzaehlung","Hauptverkehrsstrasse (HVS)","Kanton Basel-Stadt","1998-09-04 02:00:00+02:00","ausser Betrieb",,"xlsx"
"99",200901,"Burgfelderstrasse",47.570599,7.558438,"Basel","Kurzzeitzaehlstelle","Reale Zaehlstelle","Querschnitt",2,2,"MIV+Velo/Moto","Plattenzaehlung","Hauptverkehrsstrasse (HVS)","Kanton Basel-Stadt","2009-06-24 02:00:00+02:00","ausser Betrieb",,"pdf"
"107",201021,"Wiesentalstrasse 25",47.59957,7.650673,"Lirrach (D)","Kurzzeitzaehlstelle","Reale Zaehlstelle","Querschnitt",2,2,"Velo","Handzaehlung","Andere","Deutschland","2010-04-22 02:00:00+02:00","ausser Betrieb",,"pdf"
"151",201309,"Hebelstrasse 103",47.563183,7.577648,"Basel","Kurzzeitzaehlstelle","Reale Zaehlstelle","Querschnitt",2,2,"MIV+Velo/Moto","Radar","Siedlungsorientierte Strasse (SOS)","Kanton Basel-Stadt","2013-03-21 01:00:00+01:00","ausser Betrieb",,"pdf"
"153",201637,"Klybeckstrasse 251",47.576306,7.588056,"Basel","Kurzzeitzaehlstelle","Reale Zaehlstelle","Querschnitt",2,2,"MIV+Velo/Moto","Radar","Siedlungsorientierte Strasse (SOS)","Kanton Basel-Stadt","2013-05-28 02:00:00+02:00","ausser Betrieb",,"pdf"
"154",201705,"Kohlenberggasse 5",47.553084,7.58808,"Basel","Kurzzeitzaehlstelle","Reale Zaehlstelle","Querschnitt",1,1,"MIV+Velo/Moto","Radar","Siedlungsorientierte Strasse (SOS)","Kanton Basel-Stadt","2012-05-15 02:00:00+02:00","ausser Betrieb",,"pdf"
"156",201314,"Reichensteinerstrasse 21",47.544375,7.584144,"Basel","Kurzzeitzaehlstelle","Reale Zaehlstelle","Querschnitt",2,2,"MIV+Velo/Moto","Radar","Siedlungsorientierte Strasse (SOS)","Kanton Basel-Stadt","2013-05-30 02:00:00+02:00","ausser Betrieb",,"pdf"
"159",201317,"Stöberstrasse 23",47.558808,7.571843,"Basel","Kurzzeitzaehlstelle","Reale Zaehlstelle","Querschnitt",2,2,"MIV+Velo/Moto","Radar","Siedlungsorientierte Strasse (SOS)","Kanton Basel-Stadt","2013-03-19 01:00:00+01:00","ausser Betrieb",,"pdf"
"162",201320,"Wattstrasse 19",47.569999,7.577692,"Basel","Kurzzeitzaehlstelle","Reale Zaehlstelle","Querschnitt",1,1,"MIV+Velo/Moto","Radar","Siedlungsorientierte Strasse (SOS)","Kanton Basel-Stadt","2013-06-20 02:00:00+02:00","ausser Betrieb",,"pdf"
"163",201321,"Gundeldingerrain",47.5385,7.59346,"Basel","Kurzzeitzaehlstelle","Reale Zaehlstelle","Querschnitt",2,2,"MIV+Velo/Moto","Radar","Hauptsammelstrasse (HSS)","Kanton Basel-Stadt","2013-04-08 02:00:00+02:00","ausser Betrieb",,"pdf"
"173",201514,"Baselstrasse - Fondation Beyeler  (Riehen)",47.586869,7.65085,"Riehen","Kurzzeitzaehlstelle","Reale Zaehlstelle","Querschnitt",2,2,"MIV","Radar","Hauptverkehrsstrasse (HVS)","Kanton Basel-Stadt","2015-09-14 02:00:00+02:00","ausser Betrieb",,"xlsx"
"181",201522,"Morystrasse 59 (Riehen)",47.570928,7.642913,"Riehen","Kurzzeitzaehlstelle","Reale Zaehlstelle","Querschnitt",2,2,"MIV","Radar","Siedlungsorientierte Strasse (SOS)","Kanton Basel-Stadt","2015-09-15 02:00:00+02:00","ausser Betrieb",,"xlsx"
"233",301001,"Münchenstein Reinacherstrasse",47.529154,7.605743,"M","Dauerzaehlstelle","Reale Zaehlstelle","Querschnitt",2,2,"MIV","Induktionsschlaufen","Hauptverkehrsstrasse (HVS)","Kanton Basel-Land","2000-01-01 01:00:00+01:00","in Betrieb","https://www.baselland.ch/politik-und-behorden/direktionen/bau-und-umweltschutzdirektion/tiefbauamt/kennzahlen/verkehrserhebungen","xlsx"
"236",907,"Wasgenring 62",0,0,"Basel","Dauerzaehlstelle","Reale Zaehlstelle","Querschnitt",2,2,"Velo/Moto","Induktionsschlaufen","Hauptverkehrsstrasse (HVS)","Kanton Basel-Stadt","2014-07-18 02:00:00+02:00","in Betrieb",,"xlsx"
"238",201706,"Friedrichstrasse 19",0,0,"Basel","Kurzzeitzaehlstelle","Reale Zaehlstelle","Querschnitt",1,1,"MIV","Radar","Siedlungsorientierte Strasse (SOS)","Kanton Basel-Stadt","2017-01-13 01:00:00+01:00","ausser Betrieb",,"xlsx"
"240",201702,"Bachofenstrasse 10",0,0,"Basel","Kurzzeitzaehlstelle","Reale Zaehlstelle","Querschnitt",1,1,"MIV+Velo/Moto","Radar","Siedlungsorientierte Strasse (SOS)","Kanton Basel-Stadt","2017-01-17 01:00:00+01:00","ausser Betrieb",,"pdf"
"249",201712,"Oberwilerstrasse 112",0,0,"Basel","Kurzzeitzaehlstelle","Reale Zaehlstelle","Querschnitt",2,2,"MIV","Radar","Hauptsammelstrasse (HSS)","Kanton Basel-Stadt","2017-02-24 01:00:00+01:00","ausser Betrieb",,"xlsx"
"252",201715,"Hackbergstrasse 71",0,0,"Riehen","Kurzzeitzaehlstelle","Reale Zaehlstelle","Querschnitt",2,2,"MIV","Radar","Siedlungsorientierte Strasse (SOS)","Kanton Basel-Stadt","2017-04-24 02:00:00+02:00","ausser Betrieb",,"xlsx"
"256",201720,"Kleinhüningeranlage 41",0,0,"Basel","Kurzzeitzaehlstelle","Reale Zaehlstelle","Querschnitt",2,2,"MIV","Radar","Hauptverkehrsstrasse (HVS)","Kanton Basel-Stadt","2017-04-07 02:00:00+02:00","ausser Betrieb",,"xlsx"
"257",201721,"Luzernerring 105",0,0,"Basel","Kurzzeitzaehlstelle","Reale Zaehlstelle","Querschnitt",2,2,"MIV","Radar","Hauptverkehrsstrasse (HVS)","Kanton Basel-Stadt","2017-03-10 01:00:00+01:00","ausser Betrieb",,"xlsx"
"258",201723,"Zeughausstrasse 47",0,0,"Basel","Kurzzeitzaehlstelle","Reale Zaehlstelle","Querschnitt",2,2,"MIV","Radar","Hauptsammelstrasse (HSS)","Kanton Basel-Stadt","2017-02-17 01:00:00+01:00","ausser Betrieb",,"xlsx"
"290",201120,"Kienbergstrasse 10",0,0,"Basel","Kurzzeitzaehlstelle","Reale Zaehlstelle","Querschnitt",2,2,"MIV+Velo/Moto","Radar","Siedlungsorientierte Strasse (SOS)","Kanton Basel-Stadt","2011-01-18 01:00:00+01:00","ausser Betrieb",,"pdf"
"291",201630,"Haltingerstrasse 89",0,0,"Basel","Kurzzeitzaehlstelle","Reale Zaehlstelle","Querschnitt",2,2,"MIV+Velo/Moto","Radar","Siedlungsorientierte Strasse (SOS)","Kanton Basel-Stadt","2016-11-24 01:00:00+01:00","ausser Betrieb",,"pdf"
"292",201631,"Palmenstrasse 14",0,0,"Basel","Kurzzeitzaehlstelle","Reale Zaehlstelle","Querschnitt",2,2,"MIV+Velo/Moto","Radar","Siedlungsorientierte Strasse (SOS)","Kanton Basel-Stadt","2016-11-29 01:00:00+01:00","ausser Betrieb",,"pdf"
"293",201633,"Blauenstrasse 64",0,0,"Basel","Kurzzeitzaehlstelle","Reale Zaehlstelle","Querschnitt",2,2,"MIV+Velo/Moto","Radar","Siedlungsorientierte Strasse (SOS)","Kanton Basel-Stadt","2016-11-01 01:00:00+01:00","ausser Betrieb",,"pdf"
"294",200905,"Nufenenstrasse 49",0,0,"Basel","Kurzzeitzaehlstelle","Reale Zaehlstelle","Querschnitt",2,2,"MIV+Velo/Moto","Radar","Siedlungsorientierte Strasse (SOS)","Kanton Basel-Stadt","2009-11-24 01:00:00+01:00","ausser Betrieb",,"pdf"
"297",201816,"Realpstrasse 12",0,0,"Basel","Kurzzeitzaehlstelle","Reale Zaehlstelle","Querschnitt",2,2,"MIV+Velo/Moto","Radar","Siedlungsorientierte Strasse (SOS)","Kanton Basel-Stadt","2018-04-12 02:00:00+02:00","ausser Betrieb",,"pdf"
"300",201903,"Kirschblütenweg 15",0,0,"Basel","Kurzzeitzaehlstelle","Reale Zaehlstelle","Querschnitt",2,2,"MIV+Velo/Moto","Radar","Siedlungsorientierte Strasse (SOS)","Kanton Basel-Stadt","2019-10-31 01:00:00+01:00","ausser Betrieb",,"pdf"
"305",201818,"Largitzenstrasse 48",0,0,"Basel","Kurzzeitzaehlstelle","Reale Zaehlstelle","Querschnitt",2,2,"MIV+Velo/Moto","Radar","Siedlungsorientierte Strasse (SOS)","Kanton Basel-Stadt","2018-11-13 01:00:00+01:00","ausser Betrieb",,"pdf"
"306",201732,"Schalerstrasse 15",0,0,"Basel","Kurzzeitzaehlstelle","Reale Zaehlstelle","Querschnitt",2,2,"MIV+Velo/Moto","Radar","Siedlungsorientierte Strasse (SOS)","Kanton Basel-Stadt","2017-06-15 02:00:00+02:00","ausser Betrieb",,"pdf"
"307",201819,"Grellingerstrasse 80",0,0,"Basel","Kurzzeitzaehlstelle","Reale Zaehlstelle","Querschnitt",2,2,"MIV+Velo/Moto","Radar","Siedlungsorientierte Strasse (SOS)","Kanton Basel-Stadt","2018-11-20 01:00:00+01:00","ausser Betrieb",,"pdf"
"310",201734,"Göschenenstrasse 55",0,0,"Basel","Kurzzeitzaehlstelle","Reale Zaehlstelle","Querschnitt",2,2,"MIV+Velo/Moto","Radar","Siedlungsorientierte Strasse (SOS)","Kanton Basel-Stadt","2017-06-20 02:00:00+02:00","ausser Betrieb",,"pdf"
"311",201506,"Spalentorweg 19",0,0,"Basel","Kurzzeitzaehlstelle","Reale Zaehlstelle","Querschnitt",2,2,"MIV+Velo/Moto","Radar","Siedlungsorientierte Strasse (SOS)","Kanton Basel-Stadt","2015-04-21 02:00:00+02:00","ausser Betrieb",,"pdf"
"312",201820,"Muespacherstrasse 66",0,0,"Basel","Kurzzeitzaehlstelle","Reale Zaehlstelle","Querschnitt",2,2,"MIV+Velo/Moto","Radar","Siedlungsorientierte Strasse (SOS)","Kanton Basel-Stadt","2018-11-15 01:00:00+01:00","ausser Betrieb",,"pdf"
"315",201640,"Wanderstrasse von Weiherhofstrasse",0,0,"Basel","Kurzzeitzaehlstelle","Reale Zaehlstelle","Querschnitt",2,2,"Velo+Fuss","Handzaehlung","Siedlungsorientierte Strasse (SOS)","Kanton Basel-Stadt","2016-05-26 02:00:00+02:00","ausser Betrieb",,"pdf"
